"COD","CODMUN7","Estado","ano","Nome","CV_SCR1 (1 ano)","CV_SCR2 (15 meses)"
"110001","1100015","Rondônia","2016","Alta Floresta D'Oeste","10611","9208"
"110002","1100023","Rondônia","2016","Ariquemes","45300555","8952"
"110003","1100031","Rondônia","2016","Cabixi","2869","7711"
"110004","1100049","Rondônia","2016","Cacoal","40083","8232"
"110005","1100056","Rondônia","2016","Cerejeiras","8699","8551"
"110006","1100064","Rondônia","2016","Colorado do Oeste","8851","10080"
"110007","1100072","Rondônia","2016","Corumbiara","4251","11081"
"110008","1100080","Rondônia","2016","Costa Marques","6266","11303"
"110009","1100098","Rondônia","2016","EspigÆo D'Oeste","15107","9259"
"110010","1100106","Rondônia","2016","Guajar 0Mirim","16920","7031"
"110011","1100114","Rondônia","2016","Jaru","24774","8170"
"110012","1100122","Rondônia","2016","Ji0Paran ","60324","8913"
"110013","1100130","Rondônia","2016","Machadinho D'Oeste","14955","11151"
"110014","1100148","Rondônia","2016","Nova Brasilƒndia D'Oeste","10188","8701"
"110015","1100155","Rondônia","2016","Ouro Preto do Oeste","19251","6382"
"110018","1100189","Rondônia","2016","Pimenta Bueno","18348","9795"
"110020","1100205","Rondônia","2016","Porto Velho","215855","9576"
"110025","1100254","Rondônia","2016","Presidente M‚dici","11553","12879"
"110026","1100262","Rondônia","2016","Rio Crespo","1370","10000"
"110028","1100288","Rondônia","2016","Rolim de Moura","25383","9748"
"110029","1100296","Rondônia","2016","Santa Luzia D'Oeste","4521","9083"
"110030","1100304","Rondônia","2016","Vilhena","41211","9776"
"110032","1100320","Rondônia","2016","SÆo Miguel do Guapor‚","10257","10912"
"110033","1100338","Rondônia","2016","Nova Mamor‚","10418","11875"
"110034","1100346","Rondônia","2016","Alvorada D'Oeste","7603","14133"
"110037","1100379","Rondônia","2016","Alto Alegre dos Parecis","6148","12703"
"110040","1100403","Rondônia","2016","Alto Para¡so","9019","3678"
"110045","1100452","Rondônia","2016","Buritis","16944","11653"
"110050","1100502","Rondônia","2016","Novo Horizonte do Oeste","4806","8073"
"110060","1100601","Rondônia","2016","Cacaulƒndia","2990","6944"
"110070","1100700","Rondônia","2016","Campo Novo de Rond“nia","5684","4545"
"110080","1100809","Rondônia","2016","Candeias do Jamari","8824","10730"
"110090","1100908","Rondônia","2016","Castanheiras","1771","9608"
"110092","1100924","Rondônia","2016","Chupinguaia","4426","13893"
"110094","1100940","Rondônia","2016","Cujubim","7539","10111"
"110100","1101005","Rondônia","2016","Governador Jorge Teixeira","4609","11908"
"110110","1101104","Rondônia","2016","ItapuÆ do Oeste","4258","13214"
"110120","1101203","Rondônia","2016","Ministro Andreazza","4644","13478"
"110130","1101302","Rondônia","2016","Mirante da Serra","5899","8362"
"110140","1101401","Rondônia","2016","Monte Negro","6871","7331"
"110143","1101435","Rondônia","2016","Nova UniÆo","4079","8310"
"110145","1101450","Rondônia","2016","Parecis","2069","12778"
"110146","1101468","Rondônia","2016","Pimenteiras do Oeste","1080","8846"
"110147","1101476","Rondônia","2016","Primavera de Rond“nia","1476","13500"
"110148","1101484","Rondônia","2016","SÆo Felipe D'Oeste","2814","10694"
"110149","1101492","Rondônia","2016","SÆo Francisco do Guapor‚","8271","10975"
"110150","1101500","Rondônia","2016","Seringueiras","6215","10163"
"110155","1101559","Rondônia","2016","Teixeir¢polis","2539","12000"
"110160","1101609","Rondônia","2016","Theobroma","5423","19905"
"110170","1101708","Rondônia","2016","Urup ","6402","9179"
"110175","1101757","Rondônia","2016","Vale do Anari","4549","1845"
"110180","1101807","Rondônia","2016","Vale do Para¡so","3121","14355"
"120001","1200013","Acre","2016","Acrelƒndia","5108","8326"
"120005","1200054","Acre","2016","Assis Brasil","2151","1558"
"120010","1200104","Acre","2016","Brasil‚ia","8582","7834"
"120013","1200138","Acre","2016","Bujari","3353","7358"
"120017","1200179","Acre","2016","Capixaba","4038","6774"
"120020","1200203","Acre","2016","Cruzeiro do Sul","30372","5915"
"120025","1200252","Acre","2016","Epitaciolƒndia","6585","5415"
"120030","1200302","Acre","2016","Feij¢","11048","3767"
"120032","1200328","Acre","2016","JordÆo","1808","10074"
"120033","1200336","Acre","2016","Mƒncio Lima","5121","2254"
"120034","1200344","Acre","2016","Manoel Urbano","2985","5698"
"120035","1200351","Acre","2016","Marechal Thaumaturgo","5281","2740"
"120038","1200385","Acre","2016","Pl cido de Castro","5940","7632"
"120039","1200393","Acre","2016","Porto Walter","3486","3837"
"120040","1200401","Acre","2016","Rio Branco","154892","7354"
"120042","1200427","Acre","2016","Rodrigues Alves","4786","11641"
"120043","1200435","Acre","2016","Santa Rosa do Purus","1258","16906"
"120045","1200450","Acre","2016","Senador Guiomard","8328","3593"
"120050","1200500","Acre","2016","Sena Madureira","15967","6138"
"120060","1200609","Acre","2016","Tarauac ","12018","5965"
"120070","1200708","Acre","2016","Xapuri","6903","6792"
"120080","1200807","Acre","2016","Porto Acre","4640","6232"
"130002","1300029","Amazonas","2016","AlvarÆes","3768","8309"
"130006","1300060","Amazonas","2016","Amatur ","2420","14683"
"130008","1300086","Amazonas","2016","AnamÆ","4216","7267"
"130010","1300102","Amazonas","2016","Anori","6679","9722"
"130014","1300144","Amazonas","2016","Apu¡","8195","11550"
"130020","1300201","Amazonas","2016","Atalaia do Norte","5628","7943"
"130030","1300300","Amazonas","2016","Autazes","11997","5622"
"130040","1300409","Amazonas","2016","Barcelos","7366","5916"
"130050","1300508","Amazonas","2016","Barreirinha","9789","6824"
"130060","1300607","Amazonas","2016","Benjamin Constant","12587","3751"
"130063","1300631","Amazonas","2016","Beruri","5185","6296"
"130068","1300680","Amazonas","2016","Boa Vista do Ramos","5349","9918"
"130070","1300706","Amazonas","2016","Boca do Acre","10947","6345"
"130080","1300805","Amazonas","2016","Borba","13479","9847"
"130083","1300839","Amazonas","2016","Caapiranga","3615","5353"
"130090","1300904","Amazonas","2016","Canutama","4967","11449"
"130100","1301001","Amazonas","2016","Carauari","9730","4355"
"130110","1301100","Amazonas","2016","Careiro","9175","8610"
"130115","1301159","Amazonas","2016","Careiro da V rzea","8480","9104"
"130120","1301209","Amazonas","2016","Coari","29216","6585"
"130130","1301308","Amazonas","2016","Codaj s","8442","8902"
"130140","1301407","Amazonas","2016","Eirunep‚","12350","4075"
"130150","1301506","Amazonas","2016","Envira","5254","6617"
"130160","1301605","Amazonas","2016","Fonte Boa","8207","5274"
"130165","1301654","Amazonas","2016","Guajar ","3496","4444"
"130170","1301704","Amazonas","2016","Humait ","15817","8539"
"130180","1301803","Amazonas","2016","Ipixuna","6651","6075"
"130185","1301852","Amazonas","2016","Iranduba","15488","8902"
"130190","1301902","Amazonas","2016","Itacoatiara","34999","5551"
"130195","1301951","Amazonas","2016","Itamarati","1875","4345"
"130200","1302009","Amazonas","2016","Itapiranga","3125","9728"
"130210","1302108","Amazonas","2016","Japur ","2602","9341"
"130220","1302207","Amazonas","2016","Juru ","4485","2430"
"130230","1302306","Amazonas","2016","Juta¡","6621","3706"
"130240","1302405","Amazonas","2016","L brea","15525","9071"
"130250","1302504","Amazonas","2016","Manacapuru","34354","1933"
"130255","1302553","Amazonas","2016","Manaquiri","8195","11043"
"130260","1302603","Amazonas","2016","Manaus","849048","8746"
"130270","1302702","Amazonas","2016","Manicor‚","18604","8972"
"130280","1302801","Amazonas","2016","MaraÆ","5411","5158"
"130290","1302900","Amazonas","2016","Mau‚s","19813","5513"
"130300","1303007","Amazonas","2016","Nhamund ","6195","5821"
"130310","1303106","Amazonas","2016","Nova Olinda do Norte","13246","5692"
"130320","1303205","Amazonas","2016","Novo AirÆo","5480","4662"
"130330","1303304","Amazonas","2016","Novo AripuanÆ","8813","5337"
"130340","1303403","Amazonas","2016","Parintins","38916","5018"
"130350","1303502","Amazonas","2016","Pauini","6761","3388"
"130353","1303536","Amazonas","2016","Presidente Figueiredo","12112","8768"
"130356","1303569","Amazonas","2016","Rio Preto da Eva","11662","9096"
"130360","1303601","Amazonas","2016","Santa Isabel do Rio Negro","4951","7953"
"130370","1303700","Amazonas","2016","Santo Ant“nio do I‡ ","7070","7685"
"130380","1303809","Amazonas","2016","SÆo Gabriel da Cachoeira","11031","5652"
"130390","1303908","Amazonas","2016","SÆo Paulo de Oliven‡a","12579","14658"
"130395","1303957","Amazonas","2016","SÆo SebastiÆo do UatumÆ","4428","3944"
"130400","1304005","Amazonas","2016","Silves","3118","10000"
"130406","1304062","Amazonas","2016","Tabatinga","19215","9078"
"130410","1304104","Amazonas","2016","Tapau ","8189","4545"
"130420","1304203","Amazonas","2016","Tef‚","22249","5078"
"130423","1304237","Amazonas","2016","Tonantins","5678","8883"
"130426","1304260","Amazonas","2016","Uarini","5018","7595"
"130430","1304302","Amazonas","2016","Urucar ","6186","11203"
"130440","1304401","Amazonas","2016","Urucurituba","6999","8597"
"140002","1400027","Roraima","2016","Amajari","1904","11398"
"140005","1400050","Roraima","2016","Alto Alegre","5927","9390"
"140010","1400100","Roraima","2016","Boa Vista","136734","8145"
"140015","1400159","Roraima","2016","Bonfim","4041","7061"
"140017","1400175","Roraima","2016","Cant ","4553","5566"
"140020","1400209","Roraima","2016","Caracara¡","7021","7834"
"140023","1400233","Roraima","2016","Caroebe","3522","12296"
"140028","1400282","Roraima","2016","Iracema","3478","7425"
"140030","1400308","Roraima","2016","Mucaja¡","5205","9428"
"140040","1400407","Roraima","2016","Normandia","2867","7078"
"140045","1400456","Roraima","2016","Pacaraima","3649","9803"
"140047","1400472","Roraima","2016","Rorain¢polis","10385","8935"
"140050","1400506","Roraima","2016","SÆo JoÆo da Baliza","3150","2143"
"140060","1400605","Roraima","2016","SÆo Luiz","2222","8556"
"140070","1400704","Roraima","2016","UiramutÆ","2867","8458"
"150010","1500107","Pará","2016","Abaetetuba","58218","7436"
"150013","1500131","Pará","2016","Abel Figueiredo","2785","6143"
"150020","1500206","Pará","2016","Acar ","22814","5502"
"150030","1500305","Pará","2016","Afu ","11375","2585"
"150034","1500347","Pará","2016","µgua Azul do Norte","9637","5505"
"150040","1500404","Pará","2016","Alenquer","19728","7460"
"150050","1500503","Pará","2016","Almeirim","14292","7862"
"150060","1500602","Pará","2016","Altamira","45449","5955"
"150070","1500701","Pará","2016","Anaj s","8180","5875"
"150080","1500800","Pará","2016","Ananindeua","225873","2980"
"150085","1500859","Pará","2016","Anapu","9605","9543"
"150090","1500909","Pará","2016","Augusto Corrˆa","12948","4587"
"150095","1500958","Pará","2016","Aurora do Par ","7752","5438"
"150100","1501006","Pará","2016","Aveiro","5958","7692"
"150110","1501105","Pará","2016","Bagre","8639","5602"
"150120","1501204","Pará","2016","BaiÆo","15151","7257"
"150125","1501253","Pará","2016","Bannach","1436","15581"
"150130","1501303","Pará","2016","Barcarena","42954","8428"
"150140","1501402","Pará","2016","Bel‚m","667049","7399"
"150145","1501451","Pará","2016","Belterra","5772","10560"
"150150","1501501","Pará","2016","Benevides","22785","6663"
"150157","1501576","Pará","2016","Bom Jesus do Tocantins","6513","6240"
"150160","1501600","Pará","2016","Bonito","5702","9194"
"150170","1501709","Pará","2016","Bragan‡a","44368","5389"
"150172","1501725","Pará","2016","Brasil Novo","6473","10833"
"150175","1501758","Pará","2016","Brejo Grande do Araguaia","2860","7745"
"150178","1501782","Pará","2016","Breu Branco","19033","5844"
"150180","1501808","Pará","2016","Breves","33214","2882"
"150190","1501907","Pará","2016","Bujaru","9781","7834"
"150195","1501956","Pará","2016","Cachoeira do Piri ","8339","6611"
"150200","1502004","Pará","2016","Cachoeira do Arari","7299","6302"
"150210","1502103","Pará","2016","Camet ","49640","5960"
"150215","1502152","Pará","2016","CanaÆ dos Caraj s","12370","6776"
"150220","1502202","Pará","2016","Capanema","27622","5925"
"150230","1502301","Pará","2016","CapitÆo Po‡o","22465","6934"
"150240","1502400","Pará","2016","Castanhal","75319","7433"
"150250","1502509","Pará","2016","Chaves","7260","4986"
"150260","1502608","Pará","2016","Colares","4085","9222"
"150270","1502707","Pará","2016","Concei‡Æo do Araguaia","19708","6537"
"150275","1502756","Pará","2016","Conc¢rdia do Par ","11278","6788"
"150276","1502764","Pará","2016","Cumaru do Norte","4874","11194"
"150277","1502772","Pará","2016","Curion¢polis","6477","6835"
"150280","1502806","Pará","2016","Curralinho","10044","1377"
"150285","1502855","Pará","2016","Curu ","4533","12146"
"150290","1502905","Pará","2016","Curu‡ ","11312","3385"
"150293","1502939","Pará","2016","Dom Eliseu","22724","8920"
"150295","1502954","Pará","2016","Eldorado do Caraj s","12463","4271"
"150300","1503002","Pará","2016","Faro","2623","7333"
"150304","1503044","Pará","2016","Floresta do Araguaia","7050","4740"
"150307","1503077","Pará","2016","GarrafÆo do Norte","10793","8412"
"150309","1503093","Pará","2016","Goian‚sia do Par ","11658","6647"
"150310","1503101","Pará","2016","Gurup ","10269","8211"
"150320","1503200","Pará","2016","Igarap‚0A‡u","14463","9133"
"150330","1503309","Pará","2016","Igarap‚0Miri","23409","5059"
"150340","1503408","Pará","2016","Inhangapi","3664","5614"
"150345","1503457","Pará","2016","Ipixuna do Par ","15099","2363"
"150350","1503507","Pará","2016","Irituia","13993","7467"
"150360","1503606","Pará","2016","Itaituba","40901","8211"
"150370","1503705","Pará","2016","Itupiranga","18110","9614"
"150375","1503754","Pará","2016","Jacareacanga","5160","5522"
"150380","1503804","Pará","2016","Jacund ","21893","8657"
"150390","1503903","Pará","2016","Juruti","17404","8098"
"150400","1504000","Pará","2016","Limoeiro do Ajuru","10414","5404"
"150405","1504059","Pará","2016","MÆe do Rio","10897","6282"
"150410","1504109","Pará","2016","MagalhÆes Barata","2574","7798"
"150420","1504208","Pará","2016","Marab ","103679","4958"
"150430","1504307","Pará","2016","MaracanÆ","10183","8180"
"150440","1504406","Pará","2016","Marapanim","10720","4427"
"150442","1504422","Pará","2016","Marituba","47172","4199"
"150445","1504455","Pará","2016","Medicilƒndia","11711","9372"
"150450","1504505","Pará","2016","Melga‡o","8225","4829"
"150460","1504604","Pará","2016","Mocajuba","11706","6688"
"150470","1504703","Pará","2016","Moju","27599","5785"
"150480","1504802","Pará","2016","Monte Alegre","21464","7269"
"150490","1504901","Pará","2016","Muan ","12637","6155"
"150495","1504950","Pará","2016","Nova Esperan‡a do Piri ","7000","7108"
"150497","1504976","Pará","2016","Nova Ipixuna","6136","7259"
"150500","1505007","Pará","2016","Nova Timboteua","5507","9804"
"150503","1505031","Pará","2016","Novo Progresso","13255","9657"
"150506","1505064","Pará","2016","Novo Repartimento","23473","6331"
"150510","1505106","Pará","2016","àbidos","19694","7725"
"150520","1505205","Pará","2016","Oeiras do Par ","10728","6011"
"150530","1505304","Pará","2016","Oriximin ","24460","5319"
"150540","1505403","Pará","2016","Our‚m","5730","7771"
"150543","1505437","Pará","2016","Ourilƒndia do Norte","11629","5753"
"150548","1505486","Pará","2016","Pacaj ","14027","8588"
"150549","1505494","Pará","2016","Palestina do Par ","2658","6505"
"150550","1505502","Pará","2016","Paragominas","42618","6582"
"150553","1505536","Pará","2016","Parauapebas","71783","6988"
"150555","1505551","Pará","2016","Pau D'Arco","2147","5357"
"150560","1505601","Pará","2016","Peixe0Boi","2740","9082"
"150563","1505635","Pará","2016","Pi‡arra","4944","13630"
"150565","1505650","Pará","2016","Placas","9690","6704"
"150570","1505700","Pará","2016","Ponta de Pedras","9377","11154"
"150580","1505809","Pará","2016","Portel","17311","4201"
"150590","1505908","Pará","2016","Porto de Moz","13251","4162"
"150600","1506005","Pará","2016","Prainha","10517","7055"
"150610","1506104","Pará","2016","Primavera","4390","8743"
"150611","1506112","Pará","2016","Quatipuru","4864","9045"
"150613","1506138","Pará","2016","Reden‡Æo","35573","6345"
"150616","1506161","Pará","2016","Rio Maria","8197","7695"
"150618","1506187","Pará","2016","Rondon do Par ","19735","7360"
"150619","1506195","Pará","2016","Rur¢polis","15223","8373"
"150620","1506203","Pará","2016","Salin¢polis","17534","8475"
"150630","1506302","Pará","2016","Salvaterra","7591","7984"
"150635","1506351","Pará","2016","Santa B rbara do Par ","6612","1454"
"150640","1506401","Pará","2016","Santa Cruz do Arari","2759","13922"
"150650","1506500","Pará","2016","Santa Izabel do Par ","24901","4772"
"150655","1506559","Pará","2016","Santa Luzia do Par ","6384","5220"
"150658","1506583","Pará","2016","Santa Maria das Barreiras","6027","10918"
"150660","1506609","Pará","2016","Santa Maria do Par ","9961","5110"
"150670","1506708","Pará","2016","Santana do Araguaia","25195","8544"
"150680","1506807","Pará","2016","Santar‚m","126139","3931"
"150690","1506906","Pará","2016","Santar‚m Novo","1766","9518"
"150700","1507003","Pará","2016","Santo Ant“nio do Tau ","11117","7197"
"150710","1507102","Pará","2016","SÆo Caetano de Odivelas","6656","6754"
"150715","1507151","Pará","2016","SÆo Domingos do Araguaia","9534","10186"
"150720","1507201","Pará","2016","SÆo Domingos do Capim","11951","6103"
"150730","1507300","Pará","2016","SÆo F‚lix do Xingu","35707","6703"
"150740","1507409","Pará","2016","SÆo Francisco do Par ","5620","9128"
"150745","1507458","Pará","2016","SÆo Geraldo do Araguaia","10527","6115"
"150746","1507466","Pará","2016","SÆo JoÆo da Ponta","2101","8795"
"150747","1507474","Pará","2016","SÆo JoÆo de Pirabas","6957","7440"
"150750","1507508","Pará","2016","SÆo JoÆo do Araguaia","4687","5336"
"150760","1507607","Pará","2016","SÆo Miguel do Guam ","21324","6282"
"150770","1507706","Pará","2016","SÆo SebastiÆo da Boa Vista","7928","9020"
"150775","1507755","Pará","2016","Sapucaia","2369","5806"
"150780","1507805","Pará","2016","Senador Jos‚ Porf¡rio","5122","5000"
"150790","1507904","Pará","2016","Soure","8750","1524"
"150795","1507953","Pará","2016","Tailƒndia","28805","8407"
"150796","1507961","Pará","2016","Terra Alta","3699","7295"
"150797","1507979","Pará","2016","Terra Santa","6749","9151"
"150800","1508001","Pará","2016","Tom‚0A‡u","23793","8260"
"150803","1508035","Pará","2016","Tracuateua","11088","4516"
"150805","1508050","Pará","2016","TrairÆo","7140","10145"
"150808","1508084","Pará","2016","TucumÆ","17972","8801"
"150810","1508100","Pará","2016","Tucuru¡","41737","5826"
"150812","1508126","Pará","2016","Ulian¢polis","15589","4591"
"150815","1508159","Pará","2016","Uruar ","18923","6213"
"150820","1508209","Pará","2016","Vigia","19390","5526"
"150830","1508308","Pará","2016","Viseu","16048","5036"
"150835","1508357","Pará","2016","Vit¢ria do Xingu","5695","7407"
"150840","1508407","Pará","2016","Xinguara","18477","7191"
"160005","1600055","Amapá","2016","Serra do Navio","1767","4127"
"160010","1600105","Amapá","2016","Amap ","3225","10435"
"160015","1600154","Amapá","2016","Pedra Branca do Amapari","4957","7059"
"160020","1600204","Amapá","2016","Cal‡oene","3873","7411"
"160021","1600212","Amapá","2016","Cutias","1705","13294"
"160023","1600238","Amapá","2016","Ferreira Gomes","2472","9312"
"160025","1600253","Amapá","2016","Itaubal","1540","4771"
"160027","1600279","Amapá","2016","Laranjal do Jari","16530","9181"
"160030","1600303","Amapá","2016","Macap ","185996","9589"
"160040","1600402","Amapá","2016","MazagÆo","6201","4661"
"160050","1600501","Amapá","2016","Oiapoque","9060","5658"
"160053","1600535","Amapá","2016","Porto Grande","7243","7561"
"160055","1600550","Amapá","2016","Pracu£ba","1271","7229"
"160060","1600600","Amapá","2016","Santana","42493","9064"
"160070","1600709","Amapá","2016","Tartarugalzinho","4401","10067"
"160080","1600808","Amapá","2016","Vit¢ria do Jari","4373","5766"
"170025","1700251","Tocantins","2016","Abreulƒndia","1153","12667"
"170030","1700301","Tocantins","2016","Aguiarn¢polis","2122","11447"
"170035","1700350","Tocantins","2016","Alian‡a do Tocantins","2362","9714"
"170040","1700400","Tocantins","2016","Almas","3106","7379"
"170070","1700707","Tocantins","2016","Alvorada","4197","9322"
"170100","1701002","Tocantins","2016","Anan s","3934","9884"
"170105","1701051","Tocantins","2016","Angico","1247","8222"
"170110","1701101","Tocantins","2016","Aparecida do Rio Negro","1656","9375"
"170130","1701309","Tocantins","2016","Aragominas","2837","12353"
"170190","1701903","Tocantins","2016","Araguacema","2790","7805"
"170200","1702000","Tocantins","2016","Aragua‡u","3994","8980"
"170210","1702109","Tocantins","2016","Aragua¡na","74333","7845"
"170215","1702158","Tocantins","2016","AraguanÆ","2251","10330"
"170220","1702208","Tocantins","2016","Araguatins","11763","6007"
"170230","1702307","Tocantins","2016","Arapoema","2991","10745"
"170240","1702406","Tocantins","2016","Arraias","4288","8161"
"170255","1702554","Tocantins","2016","Augustin¢polis","6788","8858"
"170270","1702703","Tocantins","2016","Aurora do Tocantins","1434","13667"
"170290","1702901","Tocantins","2016","Axix  do Tocantins","3594","7421"
"170300","1703008","Tocantins","2016","Baba‡ulƒndia","4146","10206"
"170305","1703057","Tocantins","2016","Bandeirantes do Tocantins","898","7727"
"170307","1703073","Tocantins","2016","Barra do Ouro","1546","6782"
"170310","1703107","Tocantins","2016","Barrolƒndia","2148","13030"
"170320","1703206","Tocantins","2016","Bernardo SayÆo","1903","13846"
"170330","1703305","Tocantins","2016","Bom Jesus do Tocantins","1758","13611"
"170360","1703602","Tocantins","2016","Brasilƒndia do Tocantins","819","11724"
"170370","1703701","Tocantins","2016","Brejinho de Nazar‚","2141","8556"
"170380","1703800","Tocantins","2016","Buriti do Tocantins","3397","8171"
"170382","1703826","Tocantins","2016","Cachoeirinha","822","13077"
"170384","1703842","Tocantins","2016","Campos Lindos","2899","8994"
"170386","1703867","Tocantins","2016","Cariri do Tocantins","1667","11224"
"170388","1703883","Tocantins","2016","Carmolƒndia","941","15333"
"170389","1703891","Tocantins","2016","Carrasco Bonito","1374","13478"
"170390","1703909","Tocantins","2016","Caseara","1929","13000"
"170410","1704105","Tocantins","2016","Centen rio","777","14583"
"170460","1704600","Tocantins","2016","Chapada de Areia","631","4286"
"170510","1705102","Tocantins","2016","Chapada da Natividade","1046","10952"
"170550","1705508","Tocantins","2016","Colinas do Tocantins","14580","8272"
"170555","1705557","Tocantins","2016","Combinado","2160","11948"
"170560","1705607","Tocantins","2016","Concei‡Æo do Tocantins","1662","14783"
"170600","1706001","Tocantins","2016","Couto MagalhÆes","2031","8077"
"170610","1706100","Tocantins","2016","Cristalƒndia","2967","11286"
"170625","1706258","Tocantins","2016","Crix s do Tocantins","625","6250"
"170650","1706506","Tocantins","2016","Darcin¢polis","2112","5833"
"170700","1707009","Tocantins","2016","Dian¢polis","8850","9878"
"170710","1707108","Tocantins","2016","Divin¢polis do Tocantins","2745","11458"
"170720","1707207","Tocantins","2016","Dois IrmÆos do Tocantins","2458","16667"
"170730","1707306","Tocantins","2016","Duer‚","1955","8615"
"170740","1707405","Tocantins","2016","Esperantina","2729","8642"
"170755","1707553","Tocantins","2016","F tima","1571","13846"
"170765","1707652","Tocantins","2016","Figueir¢polis","2799","10556"
"170770","1707702","Tocantins","2016","Filad‚lfia","2958","10377"
"170820","1708205","Tocantins","2016","Formoso do Araguaia","8096","9494"
"170825","1708254","Tocantins","2016","Fortaleza do TabocÆo","998","9839"
"170830","1708304","Tocantins","2016","Goianorte","2167","9867"
"170900","1709005","Tocantins","2016","Goiatins","4108","6996"
"170930","1709302","Tocantins","2016","Guara¡","12016","7093"
"170950","1709500","Tocantins","2016","Gurupi","41080","8813"
"170980","1709807","Tocantins","2016","Ipueiras","617","11429"
"171050","1710508","Tocantins","2016","Itacaj ","2329","8636"
"171070","1710706","Tocantins","2016","Itaguatins","1779","6716"
"171090","1710904","Tocantins","2016","Itapiratins","1994","13409"
"171110","1711100","Tocantins","2016","ItaporÆ do Tocantins","1185","13056"
"171150","1711506","Tocantins","2016","Ja£ do Tocantins","1568","12292"
"171180","1711803","Tocantins","2016","Juarina","877","14231"
"171190","1711902","Tocantins","2016","Lagoa da ConfusÆo","4432","8085"
"171195","1711951","Tocantins","2016","Lagoa do Tocantins","1283","14915"
"171200","1712009","Tocantins","2016","Lajeado","1284","14314"
"171215","1712157","Tocantins","2016","Lavandeira","807","5926"
"171240","1712405","Tocantins","2016","Lizarda","1023","13333"
"171245","1712454","Tocantins","2016","Luzin¢polis","1066","5172"
"171250","1712504","Tocantins","2016","Marian¢polis do Tocantins","2160","6923"
"171270","1712702","Tocantins","2016","Mateiros","1086","11714"
"171280","1712801","Tocantins","2016","Maurilƒndia do Tocantins","898","17500"
"171320","1713205","Tocantins","2016","Miracema do Tocantins","8888","7335"
"171330","1713304","Tocantins","2016","Miranorte","5875","3902"
"171360","1713601","Tocantins","2016","Monte do Carmo","2328","9896"
"171370","1713700","Tocantins","2016","Monte Santo do Tocantins","798","12895"
"171380","1713809","Tocantins","2016","Palmeiras do Tocantins","2252","9437"
"171395","1713957","Tocantins","2016","Muricilƒndia","921","7209"
"171420","1714203","Tocantins","2016","Natividade","3544","11311"
"171430","1714302","Tocantins","2016","Nazar‚","1565","14043"
"171488","1714880","Tocantins","2016","Nova Olinda","4325","7235"
"171500","1715002","Tocantins","2016","Nova Rosalƒndia","1262","10909"
"171510","1715101","Tocantins","2016","Novo Acordo","1527","12778"
"171515","1715150","Tocantins","2016","Novo Alegre","1058","11500"
"171525","1715259","Tocantins","2016","Novo Jardim","1071","11429"
"171550","1715507","Tocantins","2016","Oliveira de F tima","356","14118"
"171570","1715705","Tocantins","2016","Palmeirante","2010","10208"
"171575","1715754","Tocantins","2016","Palmeir¢polis","3605","14675"
"171610","1716109","Tocantins","2016","Para¡so do Tocantins","24038","7964"
"171620","1716208","Tocantins","2016","ParanÆ","3723","9539"
"171630","1716307","Tocantins","2016","Pau D'Arco","2109","10678"
"171650","1716505","Tocantins","2016","Pedro Afonso","5606","8123"
"171660","1716604","Tocantins","2016","Peixe","4638","8175"
"171665","1716653","Tocantins","2016","Pequizeiro","2145","10500"
"171670","1716703","Tocantins","2016","Colm‚ia","3958","9739"
"171700","1717008","Tocantins","2016","Pindorama do Tocantins","1763","11493"
"171720","1717206","Tocantins","2016","Piraquˆ","1193","13438"
"171750","1717503","Tocantins","2016","Pium","3184","14865"
"171780","1717800","Tocantins","2016","Ponte Alta do Bom Jesus","1256","8393"
"171790","1717909","Tocantins","2016","Ponte Alta do Tocantins","2574","10811"
"171800","1718006","Tocantins","2016","Porto Alegre do Tocantins","1146","10638"
"171820","1718204","Tocantins","2016","Porto Nacional","24572","8025"
"171830","1718303","Tocantins","2016","Praia Norte","2436","7692"
"171840","1718402","Tocantins","2016","Presidente Kennedy","1536","8824"
"171845","1718451","Tocantins","2016","Pugmil","1084","10000"
"171850","1718501","Tocantins","2016","Recursolƒndia","844","8788"
"171855","1718550","Tocantins","2016","Riachinho","884","6176"
"171865","1718659","Tocantins","2016","Rio da Concei‡Æo","613","12941"
"171870","1718709","Tocantins","2016","Rio dos Bois","1070","16250"
"171875","1718758","Tocantins","2016","Rio Sono","2171","13696"
"171880","1718808","Tocantins","2016","Sampaio","1408","8690"
"171884","1718840","Tocantins","2016","Sandolƒndia","1641","1795"
"171886","1718865","Tocantins","2016","Santa F‚ do Araguaia","2524","11318"
"171888","1718881","Tocantins","2016","Santa Maria do Tocantins","1178","15429"
"171889","1718899","Tocantins","2016","Santa Rita do Tocantins","793","10714"
"171890","1718907","Tocantins","2016","Santa Rosa do Tocantins","1804","9518"
"171900","1719004","Tocantins","2016","Santa Tereza do Tocantins","1114","10667"
"172000","1720002","Tocantins","2016","Santa Terezinha do Tocantins","975","15882"
"172010","1720101","Tocantins","2016","SÆo Bento do Tocantins","1803","5684"
"172015","1720150","Tocantins","2016","SÆo F‚lix do Tocantins","307","17500"
"172020","1720200","Tocantins","2016","SÆo Miguel do Tocantins","3817","9141"
"172025","1720259","Tocantins","2016","SÆo Salvador do Tocantins","855","10286"
"172030","1720309","Tocantins","2016","SÆo SebastiÆo do Tocantins","1162","6627"
"172049","1720499","Tocantins","2016","SÆo Val‚rio","1641","13103"
"172065","1720655","Tocantins","2016","Silvan¢polis","2169","10549"
"172080","1720804","Tocantins","2016","S¡tio Novo do Tocantins","3307","13121"
"172085","1720853","Tocantins","2016","Sucupira","774","10870"
"172090","1720903","Tocantins","2016","Taguatinga","5958","10489"
"172093","1720937","Tocantins","2016","Taipas do Tocantins","746","16250"
"172097","1720978","Tocantins","2016","TalismÆ","1461","9744"
"172100","1721000","Tocantins","2016","Palmas","127994","8658"
"172110","1721109","Tocantins","2016","Tocant¡nia","1961","8702"
"172120","1721208","Tocantins","2016","Tocantin¢polis","9415","10273"
"172125","1721257","Tocantins","2016","Tupirama","637","11250"
"172130","1721307","Tocantins","2016","Tupiratins","1038","15000"
"172208","1722081","Tocantins","2016","Wanderlƒndia","4352","7569"
"172210","1722107","Tocantins","2016","Xambio ","4918","8455"
"110001","1100015","Rondônia","2017","Alta Floresta D'Oeste","10611","9470.40"
"110002","1100023","Rondônia","2017","Ariquemes","45300","8160.15"
"110003","1100031","Rondônia","2017","Cabixi","2869","3013.70"
"110004","1100049","Rondônia","2017","Cacoal","40083","9341.41"
"110005","1100056","Rondônia","2017","Cerejeiras","8699","11115.38"
"110006","1100064","Rondônia","2017","Colorado do Oeste","8851","4054.05"
"110007","1100072","Rondônia","2017","Corumbiara","4251","12867.65"
"110008","1100080","Rondônia","2017","Costa Marques","6266","7990.43"
"110009","1100098","Rondônia","2017","Espigão D'Oeste","15107","9039.67"
"110010","1100106","Rondônia","2017","Guajará-Mirim","16920","5437.79"
"110011","1100114","Rondônia","2017","Jaru","24774","7804.27"
"110012","1100122","Rondônia","2017","Ji-Paraná","60324","8047.03"
"110013","1100130","Rondônia","2017","Machadinho D'Oeste","14955","12173.91"
"110014","1100148","Rondônia","2017","Nova Brasilândia D'Oeste","10188","8036.36"
"110015","1100155","Rondônia","2017","Ouro Preto do Oeste","19251","8069.57"
"110018","1100189","Rondônia","2017","Pimenta Bueno","18348","8436.97"
"110020","1100205","Rondônia","2017","Porto Velho","215855","9633.12"
"110025","1100254","Rondônia","2017","Presidente Médici","11553","4723.25"
"110026","1100262","Rondônia","2017","Rio Crespo","1370","12058.82"
"110028","1100288","Rondônia","2017","Rolim de Moura","25383","6205.67"
"110029","1100296","Rondônia","2017","Santa Luzia D'Oeste","4521","9734.51"
"110030","1100304","Rondônia","2017","Vilhena","41211","8045.49"
"110032","1100320","Rondônia","2017","São Miguel do Guaporé","10257","7597.60"
"110033","1100338","Rondônia","2017","Nova Mamoré","10418","6995.07"
"110034","1100346","Rondônia","2017","Alvorada D'Oeste","7603","9819.28"
"110037","1100379","Rondônia","2017","Alto Alegre dos Parecis","6148","10357.14"
"110040","1100403","Rondônia","2017","Alto Paraíso","9019","5140.19"
"110045","1100452","Rondônia","2017","Buritis","16944","10194.17"
"110050","1100502","Rondônia","2017","Novo Horizonte do Oeste","4806","9684.21"
"110060","1100601","Rondônia","2017","Cacaulândia","2990","9701.49"
"110070","1100700","Rondônia","2017","Campo Novo de Rondônia","5684","5031.06"
"110080","1100809","Rondônia","2017","Candeias do Jamari","8824","9125.68"
"110090","1100908","Rondônia","2017","Castanheiras","1771","13461.54"
"110092","1100924","Rondônia","2017","Chupinguaia","4426","10331.13"
"110094","1100940","Rondônia","2017","Cujubim","7539","11506.28"
"110100","1101005","Rondônia","2017","Governador Jorge Teixeira","4609","4864.86"
"110110","1101104","Rondônia","2017","Itapuã do Oeste","4258","9140.62"
"110120","1101203","Rondônia","2017","Ministro Andreazza","4644","10752.69"
"110130","1101302","Rondônia","2017","Mirante da Serra","5899","4178.08"
"110140","1101401","Rondônia","2017","Monte Negro","6871","9122.81"
"110143","1101435","Rondônia","2017","Nova União","4079","7528.09"
"110145","1101450","Rondônia","2017","Parecis","2069","13200.00"
"110146","1101468","Rondônia","2017","Pimenteiras do Oeste","1080","6666.67"
"110147","1101476","Rondônia","2017","Primavera de Rondônia","1476","10178.57"
"110148","1101484","Rondônia","2017","São Felipe D'Oeste","2814","12962.96"
"110149","1101492","Rondônia","2017","São Francisco do Guaporé","8271","14385.38"
"110150","1101500","Rondônia","2017","Seringueiras","6215","14117.65"
"110155","1101559","Rondônia","2017","Teixeirópolis","2539","10847.46"
"110160","1101609","Rondônia","2017","Theobroma","5423","15496.18"
"110170","1101708","Rondônia","2017","Urupá","6402","8940.40"
"110175","1101757","Rondônia","2017","Vale do Anari","4549","7757.01"
"110180","1101807","Rondônia","2017","Vale do Paraíso","3121","9368.42"
"120001","1200013","Acre","2017","Acrelândia","5108","8018.02"
"120005","1200054","Acre","2017","Assis Brasil","2151","4395.60"
"120010","1200104","Acre","2017","Brasiléia","8582","6911.76"
"120013","1200138","Acre","2017","Bujari","3353","1943.32"
"120017","1200179","Acre","2017","Capixaba","4038","9470.90"
"120020","1200203","Acre","2017","Cruzeiro do Sul","30372","5321.78"
"120025","1200252","Acre","2017","Epitaciolândia","6585","8560.61"
"120030","1200302","Acre","2017","Feijó","11048","4944.79"
"120032","1200328","Acre","2017","Jordão","1808","9346.15"
"120033","1200336","Acre","2017","Mâncio Lima","5121","6315.79"
"120034","1200344","Acre","2017","Manoel Urbano","2985","8304.35"
"120035","1200351","Acre","2017","Marechal Thaumaturgo","5281","5289.02"
"120038","1200385","Acre","2017","Plácido de Castro","5940","6765.58"
"120039","1200393","Acre","2017","Porto Walter","3486","7938.60"
"120040","1200401","Acre","2017","Rio Branco","154892","6857.10"
"120042","1200427","Acre","2017","Rodrigues Alves","4786","3843.54"
"120043","1200435","Acre","2017","Santa Rosa do Purus","1258","13555.56"
"120045","1200450","Acre","2017","Senador Guiomard","8328","5367.65"
"120050","1200500","Acre","2017","Sena Madureira","15967","5670.24"
"120060","1200609","Acre","2017","Tarauacá","12018","8750.00"
"120070","1200708","Acre","2017","Xapuri","6903","9752.32"
"120080","1200807","Acre","2017","Porto Acre","4640","5184.14"
"130002","1300029","Amazonas","2017","Alvarães","3768","7689.87"
"130006","1300060","Amazonas","2017","Amaturá","2420","9239.13"
"130008","1300086","Amazonas","2017","Anamã","4216","5393.26"
"130010","1300102","Amazonas","2017","Anori","6679","6412.21"
"130014","1300144","Amazonas","2017","Apuí","8195","9182.69"
"130020","1300201","Amazonas","2017","Atalaia do Norte","5628","7088.95"
"130030","1300300","Amazonas","2017","Autazes","11997","4716.55"
"130040","1300409","Amazonas","2017","Barcelos","7366","5982.72"
"130050","1300508","Amazonas","2017","Barreirinha","9789","5667.51"
"130060","1300607","Amazonas","2017","Benjamin Constant","12587","6517.41"
"130063","1300631","Amazonas","2017","Beruri","5185","3944.22"
"130068","1300680","Amazonas","2017","Boa Vista do Ramos","5349","7281.55"
"130070","1300706","Amazonas","2017","Boca do Acre","10947","4859.81"
"130080","1300805","Amazonas","2017","Borba","13479","9400.00"
"130083","1300839","Amazonas","2017","Caapiranga","3615","3351.65"
"130090","1300904","Amazonas","2017","Canutama","4967","7547.17"
"130100","1301001","Amazonas","2017","Carauari","9730","5761.05"
"130110","1301100","Amazonas","2017","Careiro","9175","9031.58"
"130115","1301159","Amazonas","2017","Careiro da Várzea","8480","9396.98"
"130120","1301209","Amazonas","2017","Coari","29216","4615.38"
"130130","1301308","Amazonas","2017","Codajás","8442","8994.97"
"130140","1301407","Amazonas","2017","Eirunepé","12350","5657.37"
"130150","1301506","Amazonas","2017","Envira","5254","5112.36"
"130160","1301605","Amazonas","2017","Fonte Boa","8207","4359.43"
"130165","1301654","Amazonas","2017","Guajará","3496","4519.57"
"130170","1301704","Amazonas","2017","Humaitá","15817","6288.98"
"130180","1301803","Amazonas","2017","Ipixuna","6651","5026.32"
"130185","1301852","Amazonas","2017","Iranduba","15488","8491.80"
"130190","1301902","Amazonas","2017","Itacoatiara","34999","5765.59"
"130195","1301951","Amazonas","2017","Itamarati","1875","2857.14"
"130200","1302009","Amazonas","2017","Itapiranga","3125","6054.05"
"130210","1302108","Amazonas","2017","Japurá","2602","8163.27"
"130220","1302207","Amazonas","2017","Juruá","4485","3684.21"
"130230","1302306","Amazonas","2017","Jutaí","6621","4745.76"
"130240","1302405","Amazonas","2017","Lábrea","15525","7405.06"
"130250","1302504","Amazonas","2017","Manacapuru","34354","5749.15"
"130255","1302553","Amazonas","2017","Manaquiri","8195","9317.27"
"130260","1302603","Amazonas","2017","Manaus","849048","7347.11"
"130270","1302702","Amazonas","2017","Manicoré","18604","5094.76"
"130280","1302801","Amazonas","2017","Maraã","5411","4073.03"
"130290","1302900","Amazonas","2017","Maués","19813","5890.85"
"130300","1303007","Amazonas","2017","Nhamundá","6195","7416.41"
"130310","1303106","Amazonas","2017","Nova Olinda do Norte","13246","5704.35"
"130320","1303205","Amazonas","2017","Novo Airão","5480","6445.99"
"130330","1303304","Amazonas","2017","Novo Aripuanã","8813","493.51"
"130340","1303403","Amazonas","2017","Parintins","38916","8762.56"
"130350","1303502","Amazonas","2017","Pauini","6761","6345.03"
"130353","1303536","Amazonas","2017","Presidente Figueiredo","12112","9944.55"
"130356","1303569","Amazonas","2017","Rio Preto da Eva","11662","7975.31"
"130360","1303601","Amazonas","2017","Santa Isabel do Rio Negro","4951","5067.57"
"130370","1303700","Amazonas","2017","Santo Antônio do Içá","7070","7944.20"
"130380","1303809","Amazonas","2017","São Gabriel da Cachoeira","11031","6779.52"
"130390","1303908","Amazonas","2017","São Paulo de Olivença","12579","10515.83"
"130395","1303957","Amazonas","2017","São Sebastião do Uatumã","4428","4655.17"
"130400","1304005","Amazonas","2017","Silves","3118","8737.86"
"130406","1304062","Amazonas","2017","Tabatinga","19215","8726.64"
"130410","1304104","Amazonas","2017","Tapauá","8189","6062.99"
"130420","1304203","Amazonas","2017","Tefé","22249","7236.76"
"130423","1304237","Amazonas","2017","Tonantins","5678","8491.62"
"130426","1304260","Amazonas","2017","Uarini","5018","2923.08"
"130430","1304302","Amazonas","2017","Urucará","6186","10269.23"
"130440","1304401","Amazonas","2017","Urucurituba","6999","5973.15"
"140002","1400027","Roraima","2017","Amajari","1904","9685.53"
"140005","1400050","Roraima","2017","Alto Alegre","5927","4915.82"
"140010","1400100","Roraima","2017","Boa Vista","136734","9815.12"
"140015","1400159","Roraima","2017","Bonfim","4041","13490.30"
"140017","1400175","Roraima","2017","Cantá","4553","6656.05"
"140020","1400209","Roraima","2017","Caracaraí","7021","9696.13"
"140023","1400233","Roraima","2017","Caroebe","3522","10689.66"
"140028","1400282","Roraima","2017","Iracema","3478","8759.12"
"140030","1400308","Roraima","2017","Mucajaí","5205","8278.15"
"140040","1400407","Roraima","2017","Normandia","2867","7387.17"
"140045","1400456","Roraima","2017","Pacaraima","3649","9171.43"
"140047","1400472","Roraima","2017","Rorainópolis","10385","6450.38"
"140050","1400506","Roraima","2017","São João da Baliza","3150","12376.24"
"140060","1400605","Roraima","2017","São Luiz","2222","11707.32"
"140070","1400704","Roraima","2017","Uiramutã","2867","5888.22"
"150010","1500107","Pará","2017","Abaetetuba","58218","6120.24"
"150013","1500131","Pará","2017","Abel Figueiredo","2785","10535.71"
"150020","1500206","Pará","2017","Acará","22814","8501.53"
"150030","1500305","Pará","2017","Afuá","11375","3640.40"
"150034","1500347","Pará","2017","Água Azul do Norte","9637","9225.81"
"150040","1500404","Pará","2017","Alenquer","19728","7831.68"
"150050","1500503","Pará","2017","Almeirim","14292","9094.65"
"150060","1500602","Pará","2017","Altamira","45449","5271.62"
"150070","1500701","Pará","2017","Anajás","8180","5439.90"
"150080","1500800","Pará","2017","Ananindeua","225873","4442.33"
"150085","1500859","Pará","2017","Anapu","9605","9642.22"
"150090","1500909","Pará","2017","Augusto Corrêa","12948","4326.62"
"150095","1500958","Pará","2017","Aurora do Pará","7752","6726.80"
"150100","1501006","Pará","2017","Aveiro","5958","7700.00"
"150110","1501105","Pará","2017","Bagre","8639","2921.15"
"150120","1501204","Pará","2017","Baião","15151","7801.80"
"150125","1501253","Pará","2017","Bannach","1436","17222.22"
"150130","1501303","Pará","2017","Barcarena","42954","6622.77"
"150140","1501402","Pará","2017","Belém","667049","6590.92"
"150145","1501451","Pará","2017","Belterra","5772","10593.22"
"150150","1501501","Pará","2017","Benevides","22785","6437.77"
"150157","1501576","Pará","2017","Bom Jesus do Tocantins","6513","9012.35"
"150160","1501600","Pará","2017","Bonito","5702","9502.76"
"150170","1501709","Pará","2017","Bragança","44368","4076.56"
"150172","1501725","Pará","2017","Brasil Novo","6473","7761.19"
"150175","1501758","Pará","2017","Brejo Grande do Araguaia","2860","14102.56"
"150178","1501782","Pará","2017","Breu Branco","19033","6102.36"
"150180","1501808","Pará","2017","Breves","33214","2933.17"
"150190","1501907","Pará","2017","Bujaru","9781","7237.90"
"150195","1501956","Pará","2017","Cachoeira do Piriá","8339","3147.06"
"150200","1502004","Pará","2017","Cachoeira do Arari","7299","7981.93"
"150210","1502103","Pará","2017","Cametá","49640","6668.08"
"150215","1502152","Pará","2017","Canaã dos Carajás","12370","4796.75"
"150220","1502202","Pará","2017","Capanema","27622","6822.61"
"150230","1502301","Pará","2017","Capitão Poço","22465","5753.42"
"150240","1502400","Pará","2017","Castanhal","75319","6576.23"
"150250","1502509","Pará","2017","Chaves","7260","3863.01"
"150260","1502608","Pará","2017","Colares","4085","9794.87"
"150270","1502707","Pará","2017","Conceição do Araguaia","19708","5495.98"
"150275","1502756","Pará","2017","Concórdia do Pará","11278","9391.48"
"150276","1502764","Pará","2017","Cumaru do Norte","4874","6753.25"
"150277","1502772","Pará","2017","Curionópolis","6477","5217.39"
"150280","1502806","Pará","2017","Curralinho","10044","1518.25"
"150285","1502855","Pará","2017","Curuá","4533","9853.66"
"150290","1502905","Pará","2017","Curuçá","11312","5220.73"
"150293","1502939","Pará","2017","Dom Eliseu","22724","7155.56"
"150295","1502954","Pará","2017","Eldorado do Carajás","12463","4789.08"
"150300","1503002","Pará","2017","Faro","2623","6611.57"
"150304","1503044","Pará","2017","Floresta do Araguaia","7050","5723.08"
"150307","1503077","Pará","2017","Garrafão do Norte","10793","7772.28"
"150309","1503093","Pará","2017","Goianésia do Pará","11658","5742.79"
"150310","1503101","Pará","2017","Gurupá","10269","7006.90"
"150320","1503200","Pará","2017","Igarapé-Açu","14463","8484.29"
"150330","1503309","Pará","2017","Igarapé-Miri","23409","5712.92"
"150340","1503408","Pará","2017","Inhangapi","3664","9187.50"
"150345","1503457","Pará","2017","Ipixuna do Pará","15099","5532.65"
"150350","1503507","Pará","2017","Irituia","13993","5866.05"
"150360","1503606","Pará","2017","Itaituba","40901","6470.59"
"150370","1503705","Pará","2017","Itupiranga","18110","7033.90"
"150375","1503754","Pará","2017","Jacareacanga","5160","5669.57"
"150380","1503804","Pará","2017","Jacundá","21893","6850.90"
"150390","1503903","Pará","2017","Juruti","17404","7417.04"
"150400","1504000","Pará","2017","Limoeiro do Ajuru","10414","6093.75"
"150405","1504059","Pará","2017","Mãe do Rio","10897","7285.22"
"150410","1504109","Pará","2017","Magalhães Barata","2574","12164.95"
"150420","1504208","Pará","2017","Marabá","103679","4777.59"
"150430","1504307","Pará","2017","Maracanã","10183","7546.17"
"150440","1504406","Pará","2017","Marapanim","10720","6123.08"
"150442","1504422","Pará","2017","Marituba","47172","4745.76"
"150445","1504455","Pará","2017","Medicilândia","11711","9080.19"
"150450","1504505","Pará","2017","Melgaço","8225","5370.02"
"150460","1504604","Pará","2017","Mocajuba","11706","5131.31"
"150470","1504703","Pará","2017","Moju","27599","6827.41"
"150480","1504802","Pará","2017","Monte Alegre","21464","7301.16"
"150490","1504901","Pará","2017","Muaná","12637","6847.46"
"150495","1504950","Pará","2017","Nova Esperança do Piriá","7000","9059.63"
"150497","1504976","Pará","2017","Nova Ipixuna","6136","8815.17"
"150500","1505007","Pará","2017","Nova Timboteua","5507","6748.47"
"150503","1505031","Pará","2017","Novo Progresso","13255","8446.07"
"150506","1505064","Pará","2017","Novo Repartimento","23473","6669.44"
"150510","1505106","Pará","2017","Óbidos","19694","5675.95"
"150520","1505205","Pará","2017","Oeiras do Pará","10728","6356.47"
"150530","1505304","Pará","2017","Oriximiná","24460","5391.37"
"150540","1505403","Pará","2017","Ourém","5730","7689.53"
"150543","1505437","Pará","2017","Ourilândia do Norte","11629","8169.93"
"150548","1505486","Pará","2017","Pacajá","14027","7513.44"
"150549","1505494","Pará","2017","Palestina do Pará","2658","10227.27"
"150550","1505502","Pará","2017","Paragominas","42618","5826.17"
"150553","1505536","Pará","2017","Parauapebas","71783","5590.48"
"150555","1505551","Pará","2017","Pau D'Arco","2147","5043.48"
"150560","1505601","Pará","2017","Peixe-Boi","2740","6930.69"
"150563","1505635","Pará","2017","Piçarra","4944","11594.20"
"150565","1505650","Pará","2017","Placas","9690","6205.67"
"150570","1505700","Pará","2017","Ponta de Pedras","9377","9449.28"
"150580","1505809","Pará","2017","Portel","17311","3653.44"
"150590","1505908","Pará","2017","Porto de Moz","13251","2773.22"
"150600","1506005","Pará","2017","Prainha","10517","6110.33"
"150610","1506104","Pará","2017","Primavera","4390","6279.07"
"150611","1506112","Pará","2017","Quatipuru","4864","8511.90"
"150613","1506138","Pará","2017","Redenção","35573","5403.88"
"150616","1506161","Pará","2017","Rio Maria","8197","7022.06"
"150618","1506187","Pará","2017","Rondon do Pará","19735","6120.30"
"150619","1506195","Pará","2017","Rurópolis","15223","7486.19"
"150620","1506203","Pará","2017","Salinópolis","17534","6236.56"
"150630","1506302","Pará","2017","Salvaterra","7591","6424.73"
"150635","1506351","Pará","2017","Santa Bárbara do Pará","6612","3581.66"
"150640","1506401","Pará","2017","Santa Cruz do Arari","2759","10129.87"
"150650","1506500","Pará","2017","Santa Izabel do Pará","24901","5247.72"
"150655","1506559","Pará","2017","Santa Luzia do Pará","6384","5555.56"
"150658","1506583","Pará","2017","Santa Maria das Barreiras","6027","10070.42"
"150660","1506609","Pará","2017","Santa Maria do Pará","9961","5808.22"
"150670","1506708","Pará","2017","Santana do Araguaia","25195","7840.71"
"150680","1506807","Pará","2017","Santarém","126139","4845.88"
"150690","1506906","Pará","2017","Santarém Novo","1766","7788.46"
"150700","1507003","Pará","2017","Santo Antônio do Tauá","11117","8344.83"
"150710","1507102","Pará","2017","São Caetano de Odivelas","6656","6933.33"
"150715","1507151","Pará","2017","São Domingos do Araguaia","9534","9313.43"
"150720","1507201","Pará","2017","São Domingos do Capim","11951","6857.71"
"150730","1507300","Pará","2017","São Félix do Xingu","35707","7293.09"
"150740","1507409","Pará","2017","São Francisco do Pará","5620","9022.22"
"150745","1507458","Pará","2017","São Geraldo do Araguaia","10527","4219.78"
"150746","1507466","Pará","2017","São João da Ponta","2101","4810.13"
"150747","1507474","Pará","2017","São João de Pirabas","6957","5180.72"
"150750","1507508","Pará","2017","São João do Araguaia","4687","3509.62"
"150760","1507607","Pará","2017","São Miguel do Guamá","21324","8418.76"
"150770","1507706","Pará","2017","São Sebastião da Boa Vista","7928","11176.47"
"150775","1507755","Pará","2017","Sapucaia","2369","10823.53"
"150780","1507805","Pará","2017","Senador José Porfírio","5122","4179.69"
"150790","1507904","Pará","2017","Soure","8750","5543.77"
"150795","1507953","Pará","2017","Tailândia","28805","7919.38"
"150796","1507961","Pará","2017","Terra Alta","3699","8941.18"
"150797","1507979","Pará","2017","Terra Santa","6749","6022.73"
"150800","1508001","Pará","2017","Tomé-Açu","23793","7533.42"
"150803","1508035","Pará","2017","Tracuateua","11088","4448.67"
"150805","1508050","Pará","2017","Trairão","7140","8009.05"
"150808","1508084","Pará","2017","Tucumã","17972","8569.13"
"150810","1508100","Pará","2017","Tucuruí","41737","6255.99"
"150812","1508126","Pará","2017","Ulianópolis","15589","4472.05"
"150815","1508159","Pará","2017","Uruará","18923","6722.22"
"150820","1508209","Pará","2017","Vigia","19390","5491.25"
"150830","1508308","Pará","2017","Viseu","16048","3187.01"
"150835","1508357","Pará","2017","Vitória do Xingu","5695","7182.74"
"150840","1508407","Pará","2017","Xinguara","18477","6895.39"
"160005","1600055","Amapá","2017","Serra do Navio","1767","17462.69"
"160010","1600105","Amapá","2017","Amapá","3225","9846.15"
"160015","1600154","Amapá","2017","Pedra Branca do Amapari","4957","7469.39"
"160020","1600204","Amapá","2017","Calçoene","3873","8275.86"
"160021","1600212","Amapá","2017","Cutias","1705","13295.45"
"160023","1600238","Amapá","2017","Ferreira Gomes","2472","9222.22"
"160025","1600253","Amapá","2017","Itaubal","1540","4795.92"
"160027","1600279","Amapá","2017","Laranjal do Jari","16530","11314.06"
"160030","1600303","Amapá","2017","Macapá","185996","6470.46"
"160040","1600402","Amapá","2017","Mazagão","6201","5322.94"
"160050","1600501","Amapá","2017","Oiapoque","9060","5256.41"
"160053","1600535","Amapá","2017","Porto Grande","7243","7083.33"
"160055","1600550","Amapá","2017","Pracuúba","1271","10000.00"
"160060","1600600","Amapá","2017","Santana","42493","6346.41"
"160070","1600709","Amapá","2017","Tartarugalzinho","4401","10065.57"
"160080","1600808","Amapá","2017","Vitória do Jari","4373","7201.65"
"170025","1700251","Tocantins","2017","Abreulândia","1153","9117.65"
"170030","1700301","Tocantins","2017","Aguiarnópolis","2122","10000.00"
"170035","1700350","Tocantins","2017","Aliança do Tocantins","2362","7878.79"
"170040","1700400","Tocantins","2017","Almas","3106","5089.29"
"170070","1700707","Tocantins","2017","Alvorada","4197","15000.00"
"170100","1701002","Tocantins","2017","Ananás","3934","8451.61"
"170105","1701051","Tocantins","2017","Angico","1247","8125.00"
"170110","1701101","Tocantins","2017","Aparecida do Rio Negro","1656","8235.29"
"170130","1701309","Tocantins","2017","Aragominas","2837","12388.06"
"170190","1701903","Tocantins","2017","Araguacema","2790","7553.19"
"170200","1702000","Tocantins","2017","Araguaçu","3994","9677.42"
"170210","1702109","Tocantins","2017","Araguaína","74333","7504.09"
"170215","1702158","Tocantins","2017","Araguanã","2251","8620.69"
"170220","1702208","Tocantins","2017","Araguatins","11763","6936.09"
"170230","1702307","Tocantins","2017","Arapoema","2991","8958.33"
"170240","1702406","Tocantins","2017","Arraias","4288","6428.57"
"170255","1702554","Tocantins","2017","Augustinópolis","6788","9265.18"
"170270","1702703","Tocantins","2017","Aurora do Tocantins","1434","10263.16"
"170290","1702901","Tocantins","2017","Axixá do Tocantins","3594","8730.16"
"170300","1703008","Tocantins","2017","Babaçulândia","4146","6111.11"
"170305","1703057","Tocantins","2017","Bandeirantes do Tocantins","898","12647.06"
"170307","1703073","Tocantins","2017","Barra do Ouro","1546","10000.00"
"170310","1703107","Tocantins","2017","Barrolândia","2148","8873.24"
"170320","1703206","Tocantins","2017","Bernardo Sayão","1903","8955.22"
"170330","1703305","Tocantins","2017","Bom Jesus do Tocantins","1758","6973.68"
"170360","1703602","Tocantins","2017","Brasilândia do Tocantins","819","15384.62"
"170370","1703701","Tocantins","2017","Brejinho de Nazaré","2141","9000.00"
"170380","1703800","Tocantins","2017","Buriti do Tocantins","3397","7938.93"
"170382","1703826","Tocantins","2017","Cachoeirinha","822","6250.00"
"170384","1703842","Tocantins","2017","Campos Lindos","2899","12297.30"
"170386","1703867","Tocantins","2017","Cariri do Tocantins","1667","7894.74"
"170388","1703883","Tocantins","2017","Carmolândia","941","11250.00"
"170389","1703891","Tocantins","2017","Carrasco Bonito","1374","9687.50"
"170390","1703909","Tocantins","2017","Caseara","1929","11666.67"
"170410","1704105","Tocantins","2017","Centenário","777","12692.31"
"170460","1704600","Tocantins","2017","Chapada de Areia","631","18461.54"
"170510","1705102","Tocantins","2017","Chapada da Natividade","1046","6944.44"
"170550","1705508","Tocantins","2017","Colinas do Tocantins","14580","7192.98"
"170555","1705557","Tocantins","2017","Combinado","2160","17045.45"
"170560","1705607","Tocantins","2017","Conceição do Tocantins","1662","12307.69"
"170600","1706001","Tocantins","2017","Couto Magalhães","2031","10555.56"
"170610","1706100","Tocantins","2017","Cristalândia","2967","8658.54"
"170625","1706258","Tocantins","2017","Crixás do Tocantins","625","8260.87"
"170650","1706506","Tocantins","2017","Darcinópolis","2112","10641.03"
"170700","1707009","Tocantins","2017","Dianópolis","8850","7411.35"
"170710","1707108","Tocantins","2017","Divinópolis do Tocantins","2745","10925.93"
"170720","1707207","Tocantins","2017","Dois Irmãos do Tocantins","2458","10281.69"
"170730","1707306","Tocantins","2017","Dueré","1955","9607.84"
"170740","1707405","Tocantins","2017","Esperantina","2729","7777.78"
"170755","1707553","Tocantins","2017","Fátima","1571","5937.50"
"170765","1707652","Tocantins","2017","Figueirópolis","2799","5915.49"
"170770","1707702","Tocantins","2017","Filadélfia","2958","7304.35"
"170820","1708205","Tocantins","2017","Formoso do Araguaia","8096","6705.88"
"170825","1708254","Tocantins","2017","Fortaleza do Tabocão","998","9591.84"
"170830","1708304","Tocantins","2017","Goianorte","2167","16000.00"
"170900","1709005","Tocantins","2017","Goiatins","4108","7882.35"
"170930","1709302","Tocantins","2017","Guaraí","12016","7219.25"
"170950","1709500","Tocantins","2017","Gurupi","41080","7957.75"
"170980","1709807","Tocantins","2017","Ipueiras","617","13333.33"
"171050","1710508","Tocantins","2017","Itacajá","2329","7355.37"
"171070","1710706","Tocantins","2017","Itaguatins","1779","7794.12"
"171090","1710904","Tocantins","2017","Itapiratins","1994","10392.16"
"171110","1711100","Tocantins","2017","Itaporã do Tocantins","1185","10789.47"
"171150","1711506","Tocantins","2017","Jaú do Tocantins","1568","7096.77"
"171180","1711803","Tocantins","2017","Juarina","877","7250.00"
"171190","1711902","Tocantins","2017","Lagoa da Confusão","4432","9205.61"
"171195","1711951","Tocantins","2017","Lagoa do Tocantins","1283","9354.84"
"171200","1712009","Tocantins","2017","Lajeado","1284","11090.91"
"171215","1712157","Tocantins","2017","Lavandeira","807","16315.79"
"171240","1712405","Tocantins","2017","Lizarda","1023","9756.10"
"171245","1712454","Tocantins","2017","Luzinópolis","1066","10400.00"
"171250","1712504","Tocantins","2017","Marianópolis do Tocantins","2160","5370.37"
"171270","1712702","Tocantins","2017","Mateiros","1086","9729.73"
"171280","1712801","Tocantins","2017","Maurilândia do Tocantins","898","11600.00"
"171320","1713205","Tocantins","2017","Miracema do Tocantins","8888","7947.88"
"171330","1713304","Tocantins","2017","Miranorte","5875","9259.26"
"171360","1713601","Tocantins","2017","Monte do Carmo","2328","9047.62"
"171370","1713700","Tocantins","2017","Monte Santo do Tocantins","798","8214.29"
"171380","1713809","Tocantins","2017","Palmeiras do Tocantins","2252","14024.39"
"171395","1713957","Tocantins","2017","Muricilândia","921","6956.52"
"171420","1714203","Tocantins","2017","Natividade","3544","10172.41"
"171430","1714302","Tocantins","2017","Nazaré","1565","8085.11"
"171488","1714880","Tocantins","2017","Nova Olinda","4325","9039.55"
"171500","1715002","Tocantins","2017","Nova Rosalândia","1262","13170.73"
"171510","1715101","Tocantins","2017","Novo Acordo","1527","9411.76"
"171515","1715150","Tocantins","2017","Novo Alegre","1058","12105.26"
"171525","1715259","Tocantins","2017","Novo Jardim","1071","11176.47"
"171550","1715507","Tocantins","2017","Oliveira de Fátima","356","5600.00"
"171570","1715705","Tocantins","2017","Palmeirante","2010","8437.50"
"171575","1715754","Tocantins","2017","Palmeirópolis","3605","11898.73"
"171610","1716109","Tocantins","2017","Paraíso do Tocantins","24038","8031.03"
"171620","1716208","Tocantins","2017","Paranã","3723","10555.56"
"171630","1716307","Tocantins","2017","Pau D'Arco","2109","11594.20"
"171650","1716505","Tocantins","2017","Pedro Afonso","5606","8995.98"
"171660","1716604","Tocantins","2017","Peixe","4638","6614.17"
"171665","1716653","Tocantins","2017","Pequizeiro","2145","8970.59"
"171670","1716703","Tocantins","2017","Colméia","3958","11287.13"
"171700","1717008","Tocantins","2017","Pindorama do Tocantins","1763","12619.05"
"171720","1717206","Tocantins","2017","Piraquê","1193","11875.00"
"171750","1717503","Tocantins","2017","Pium","3184","4222.22"
"171780","1717800","Tocantins","2017","Ponte Alta do Bom Jesus","1256","10701.75"
"171790","1717909","Tocantins","2017","Ponte Alta do Tocantins","2574","5120.00"
"171800","1718006","Tocantins","2017","Porto Alegre do Tocantins","1146","10000.00"
"171820","1718204","Tocantins","2017","Porto Nacional","24572","8038.32"
"171830","1718303","Tocantins","2017","Praia Norte","2436","6269.84"
"171840","1718402","Tocantins","2017","Presidente Kennedy","1536","7647.06"
"171845","1718451","Tocantins","2017","Pugmil","1084","8461.54"
"171850","1718501","Tocantins","2017","Recursolândia","844","10588.24"
"171855","1718550","Tocantins","2017","Riachinho","884","4393.94"
"171865","1718659","Tocantins","2017","Rio da Conceição","613","16315.79"
"171870","1718709","Tocantins","2017","Rio dos Bois","1070","11388.89"
"171875","1718758","Tocantins","2017","Rio Sono","2171","9310.34"
"171880","1718808","Tocantins","2017","Sampaio","1408","9259.26"
"171884","1718840","Tocantins","2017","Sandolândia","1641","2093.02"
"171886","1718865","Tocantins","2017","Santa Fé do Araguaia","2524","9385.96"
"171888","1718881","Tocantins","2017","Santa Maria do Tocantins","1178","7948.72"
"171889","1718899","Tocantins","2017","Santa Rita do Tocantins","793","14782.61"
"171890","1718907","Tocantins","2017","Santa Rosa do Tocantins","1804","8915.66"
"171900","1719004","Tocantins","2017","Santa Tereza do Tocantins","1114","11190.48"
"172000","1720002","Tocantins","2017","Santa Terezinha do Tocantins","975","9714.29"
"172010","1720101","Tocantins","2017","São Bento do Tocantins","1803","7808.22"
"172015","1720150","Tocantins","2017","São Félix do Tocantins","307","11428.57"
"172020","1720200","Tocantins","2017","São Miguel do Tocantins","3817","9578.31"
"172025","1720259","Tocantins","2017","São Salvador do Tocantins","855","13333.33"
"172030","1720309","Tocantins","2017","São Sebastião do Tocantins","1162","7820.51"
"172049","1720499","Tocantins","2017","São Valério","1641","15777.78"
"172065","1720655","Tocantins","2017","Silvanópolis","2169","11388.89"
"172080","1720804","Tocantins","2017","Sítio Novo do Tocantins","3307","12183.10"
"172085","1720853","Tocantins","2017","Sucupira","774","9696.97"
"172090","1720903","Tocantins","2017","Taguatinga","5958","7500.00"
"172093","1720937","Tocantins","2017","Taipas do Tocantins","746","10769.23"
"172097","1720978","Tocantins","2017","Talismã","1461","13548.39"
"172100","1721000","Tocantins","2017","Palmas","127994","7498.96"
"172110","1721109","Tocantins","2017","Tocantínia","1961","11901.84"
"172120","1721208","Tocantins","2017","Tocantinópolis","9415","9582.25"
"172125","1721257","Tocantins","2017","Tupirama","637","13181.82"
"172130","1721307","Tocantins","2017","Tupiratins","1038","8000.00"
"172208","1722081","Tocantins","2017","Wanderlândia","4352","9302.33"
"172210","1722107","Tocantins","2017","Xambioá","4918","8994.41"
"110001","1100015","Rondônia","2018","Alta Floresta D'Oeste","10611","9599"
"110002","1100023","Rondônia","2018","Ariquemes","45300","8536"
"110003","1100031","Rondônia","2018","Cabixi","2869","16119"
"110004","1100049","Rondônia","2018","Cacoal","40083","6926"
"110005","1100056","Rondônia","2018","Cerejeiras","8699","9638"
"110006","1100064","Rondônia","2018","Colorado do Oeste","8851","6975"
"110007","1100072","Rondônia","2018","Corumbiara","4251","12235"
"110008","1100080","Rondônia","2018","Costa Marques","6266","12536"
"110009","1100098","Rondônia","2018","Espigão D'Oeste","15107","8129"
"110010","1100106","Rondônia","2018","Guajará-Mirim","16920","6044"
"110011","1100114","Rondônia","2018","Jaru","24774","7449"
"110012","1100122","Rondônia","2018","Ji-Paraná","60324","8071"
"110013","1100130","Rondônia","2018","Machadinho D'Oeste","14955","9574"
"110014","1100148","Rondônia","2018","Nova Brasilândia D'Oeste","10188","7813"
"110015","1100155","Rondônia","2018","Ouro Preto do Oeste","19251","6696"
"110018","1100189","Rondônia","2018","Pimenta Bueno","18348","8399"
"110020","1100205","Rondônia","2018","Porto Velho","215855","7141"
"110025","1100254","Rondônia","2018","Presidente Médici","11553","10288"
"110026","1100262","Rondônia","2018","Rio Crespo","1370","9796"
"110028","1100288","Rondônia","2018","Rolim de Moura","25383","6754"
"110029","1100296","Rondônia","2018","Santa Luzia D'Oeste","4521","7297"
"110030","1100304","Rondônia","2018","Vilhena","41211","8184"
"110032","1100320","Rondônia","2018","São Miguel do Guaporé","10257","8142"
"110033","1100338","Rondônia","2018","Nova Mamoré","10418","5669"
"110034","1100346","Rondônia","2018","Alvorada D'Oeste","7603","9886"
"110037","1100379","Rondônia","2018","Alto Alegre dos Parecis","6148","9412"
"110040","1100403","Rondônia","2018","Alto Paraíso","9019","6582"
"110045","1100452","Rondônia","2018","Buritis","16944","10743"
"110050","1100502","Rondônia","2018","Novo Horizonte do Oeste","4806","7253"
"110060","1100601","Rondônia","2018","Cacaulândia","2990","7465"
"110070","1100700","Rondônia","2018","Campo Novo de Rondônia","5684","3237"
"110080","1100809","Rondônia","2018","Candeias do Jamari","8824","4416"
"110090","1100908","Rondônia","2018","Castanheiras","1771","10769"
"110092","1100924","Rondônia","2018","Chupinguaia","4426","5030"
"110094","1100940","Rondônia","2018","Cujubim","7539","17536"
"110100","1101005","Rondônia","2018","Governador Jorge Teixeira","4609","11574"
"110110","1101104","Rondônia","2018","Itapuã do Oeste","4258","6882"
"110120","1101203","Rondônia","2018","Ministro Andreazza","4644","11700"
"110130","1101302","Rondônia","2018","Mirante da Serra","5899","2468"
"110140","1101401","Rondônia","2018","Monte Negro","6871","7677"
"110143","1101435","Rondônia","2018","Nova União","4079","5638"
"110145","1101450","Rondônia","2018","Parecis","2069","12041"
"110146","1101468","Rondônia","2018","Pimenteiras do Oeste","1080","6923"
"110147","1101476","Rondônia","2018","Primavera de Rondônia","1476","10164"
"110148","1101484","Rondônia","2018","São Felipe D'Oeste","2814","9459"
"110149","1101492","Rondônia","2018","São Francisco do Guaporé","8271","10243"
"110150","1101500","Rondônia","2018","Seringueiras","6215","9677"
"110155","1101559","Rondônia","2018","Teixeirópolis","2539","9649"
"110160","1101609","Rondônia","2018","Theobroma","5423","5804"
"110170","1101708","Rondônia","2018","Urupá","6402","10403"
"110175","1101757","Rondônia","2018","Vale do Anari","4549","11860"
"110180","1101807","Rondônia","2018","Vale do Paraíso","3121","12785"
"120001","1200013","Acre","2018","Acrelândia","5108","7312"
"120005","1200054","Acre","2018","Assis Brasil","2151","5163"
"120010","1200104","Acre","2018","Brasiléia","8582","7089"
"120013","1200138","Acre","2018","Bujari","3353","2426"
"120017","1200179","Acre","2018","Capixaba","4038","6192"
"120020","1200203","Acre","2018","Cruzeiro do Sul","30372","5147"
"120025","1200252","Acre","2018","Epitaciolândia","6585","4271"
"120030","1200302","Acre","2018","Feijó","11048","5915"
"120032","1200328","Acre","2018","Jordão","1808","10038"
"120033","1200336","Acre","2018","Mâncio Lima","5121","6056"
"120034","1200344","Acre","2018","Manoel Urbano","2985","5787"
"120035","1200351","Acre","2018","Marechal Thaumaturgo","5281","11485"
"120038","1200385","Acre","2018","Plácido de Castro","5940","8642"
"120039","1200393","Acre","2018","Porto Walter","3486","6871"
"120040","1200401","Acre","2018","Rio Branco","154892","7593"
"120042","1200427","Acre","2018","Rodrigues Alves","4786","3148"
"120043","1200435","Acre","2018","Santa Rosa do Purus","1258","7047"
"120045","1200450","Acre","2018","Senador Guiomard","8328","6718"
"120050","1200500","Acre","2018","Sena Madureira","15967","6957"
"120060","1200609","Acre","2018","Tarauacá","12018","7532"
"120070","1200708","Acre","2018","Xapuri","6903","10132"
"120080","1200807","Acre","2018","Porto Acre","4640","6948"
"130002","1300029","Amazonas","2018","Alvarães","3768","6990"
"130006","1300060","Amazonas","2018","Amaturá","2420","9885"
"130008","1300086","Amazonas","2018","Anamã","4216","8505"
"130010","1300102","Amazonas","2018","Anori","6679","14405"
"130014","1300144","Amazonas","2018","Apuí","8195","11126"
"130020","1300201","Amazonas","2018","Atalaia do Norte","5628","9297"
"130030","1300300","Amazonas","2018","Autazes","11997","6976"
"130040","1300409","Amazonas","2018","Barcelos","7366","5196"
"130050","1300508","Amazonas","2018","Barreirinha","9789","8716"
"130060","1300607","Amazonas","2018","Benjamin Constant","12587","10412"
"130063","1300631","Amazonas","2018","Beruri","5185","7939"
"130068","1300680","Amazonas","2018","Boa Vista do Ramos","5349","10063"
"130070","1300706","Amazonas","2018","Boca do Acre","10947","5382"
"130080","1300805","Amazonas","2018","Borba","13479","8817"
"130083","1300839","Amazonas","2018","Caapiranga","3615","6256"
"130090","1300904","Amazonas","2018","Canutama","4967","9032"
"130100","1301001","Amazonas","2018","Carauari","9730","7431"
"130110","1301100","Amazonas","2018","Careiro","9175","10455"
"130115","1301159","Amazonas","2018","Careiro da Várzea","8480","7881"
"130120","1301209","Amazonas","2018","Coari","29216","6931"
"130130","1301308","Amazonas","2018","Codajás","8442","8825"
"130140","1301407","Amazonas","2018","Eirunepé","12350","7072"
"130150","1301506","Amazonas","2018","Envira","5254","7716"
"130160","1301605","Amazonas","2018","Fonte Boa","8207","6164"
"130165","1301654","Amazonas","2018","Guajará","3496","6056"
"130170","1301704","Amazonas","2018","Humaitá","15817","9645"
"130180","1301803","Amazonas","2018","Ipixuna","6651","5919"
"130185","1301852","Amazonas","2018","Iranduba","15488","9691"
"130190","1301902","Amazonas","2018","Itacoatiara","34999","7527"
"130195","1301951","Amazonas","2018","Itamarati","1875","5083"
"130200","1302009","Amazonas","2018","Itapiranga","3125","11656"
"130210","1302108","Amazonas","2018","Japurá","2602","6667"
"130220","1302207","Amazonas","2018","Juruá","4485","6653"
"130230","1302306","Amazonas","2018","Jutaí","6621","6096"
"130240","1302405","Amazonas","2018","Lábrea","15525","8112"
"130250","1302504","Amazonas","2018","Manacapuru","34354","6707"
"130255","1302553","Amazonas","2018","Manaquiri","8195","6993"
"130260","1302603","Amazonas","2018","Manaus","849048","7574"
"130270","1302702","Amazonas","2018","Manicoré","18604","4143"
"130280","1302801","Amazonas","2018","Maraã","5411","8220"
"130290","1302900","Amazonas","2018","Maués","19813","5658"
"130300","1303007","Amazonas","2018","Nhamundá","6195","9091"
"130310","1303106","Amazonas","2018","Nova Olinda do Norte","13246","7457"
"130320","1303205","Amazonas","2018","Novo Airão","5480","7409"
"130330","1303304","Amazonas","2018","Novo Aripuanã","8813","4353"
"130340","1303403","Amazonas","2018","Parintins","38916","8531"
"130350","1303502","Amazonas","2018","Pauini","6761","4899"
"130353","1303536","Amazonas","2018","Presidente Figueiredo","12112","9479"
"130356","1303569","Amazonas","2018","Rio Preto da Eva","11662","7333"
"130360","1303601","Amazonas","2018","Santa Isabel do Rio Negro","4951","9834"
"130370","1303700","Amazonas","2018","Santo Antônio do Içá","7070","9354"
"130380","1303809","Amazonas","2018","São Gabriel da Cachoeira","11031","9343"
"130390","1303908","Amazonas","2018","São Paulo de Olivença","12579","7768"
"130395","1303957","Amazonas","2018","São Sebastião do Uatumã","4428","6683"
"130400","1304005","Amazonas","2018","Silves","3118","9262"
"130406","1304062","Amazonas","2018","Tabatinga","19215","9314"
"130410","1304104","Amazonas","2018","Tapauá","8189","8244"
"130420","1304203","Amazonas","2018","Tefé","22249","10104"
"130423","1304237","Amazonas","2018","Tonantins","5678","6984"
"130426","1304260","Amazonas","2018","Uarini","5018","2691"
"130430","1304302","Amazonas","2018","Urucará","6186","10487"
"130440","1304401","Amazonas","2018","Urucurituba","6999","9903"
"140002","1400027","Roraima","2018","Amajari","1904","6000"
"140005","1400050","Roraima","2018","Alto Alegre","5927","7185"
"140010","1400100","Roraima","2018","Boa Vista","136734","8370"
"140015","1400159","Roraima","2018","Bonfim","4041","15836"
"140017","1400175","Roraima","2018","Cantá","4553","3516"
"140020","1400209","Roraima","2018","Caracaraí","7021","8586"
"140023","1400233","Roraima","2018","Caroebe","3522","19611"
"140028","1400282","Roraima","2018","Iracema","3478","9803"
"140030","1400308","Roraima","2018","Mucajaí","5205","8257"
"140040","1400407","Roraima","2018","Normandia","2867","8543"
"140045","1400456","Roraima","2018","Pacaraima","3649","10466"
"140047","1400472","Roraima","2018","Rorainópolis","10385","7061"
"140050","1400506","Roraima","2018","São João da Baliza","3150","3471"
"140060","1400605","Roraima","2018","São Luiz","2222","9048"
"140070","1400704","Roraima","2018","Uiramutã","2867","10401"
"150010","1500107","Pará","2018","Abaetetuba","58218","5401"
"150013","1500131","Pará","2018","Abel Figueiredo","2785","9420"
"150020","1500206","Pará","2018","Acará","22814","5287"
"150030","1500305","Pará","2018","Afuá","11375","3057"
"150034","1500347","Pará","2018","Água Azul do Norte","9637","1651"
"150040","1500404","Pará","2018","Alenquer","19728","6307"
"150050","1500503","Pará","2018","Almeirim","14292","8634"
"150060","1500602","Pará","2018","Altamira","45449","7035"
"150070","1500701","Pará","2018","Anajás","8180","5599"
"150080","1500800","Pará","2018","Ananindeua","225873","4133"
"150085","1500859","Pará","2018","Anapu","9605","7159"
"150090","1500909","Pará","2018","Augusto Corrêa","12948","5658"
"150095","1500958","Pará","2018","Aurora do Pará","7752","7179"
"150100","1501006","Pará","2018","Aveiro","5958","8854"
"150110","1501105","Pará","2018","Bagre","8639","4226"
"150120","1501204","Pará","2018","Baião","15151","7520"
"150125","1501253","Pará","2018","Bannach","1436","10408"
"150130","1501303","Pará","2018","Barcarena","42954","6534"
"150140","1501402","Pará","2018","Belém","667049","5803"
"150145","1501451","Pará","2018","Belterra","5772","7331"
"150150","1501501","Pará","2018","Benevides","22785","5496"
"150157","1501576","Pará","2018","Bom Jesus do Tocantins","6513","10545"
"150160","1501600","Pará","2018","Bonito","5702","5754"
"150170","1501709","Pará","2018","Bragança","44368","5017"
"150172","1501725","Pará","2018","Brasil Novo","6473","7970"
"150175","1501758","Pará","2018","Brejo Grande do Araguaia","2860","10652"
"150178","1501782","Pará","2018","Breu Branco","19033","4713"
"150180","1501808","Pará","2018","Breves","33214","2187"
"150190","1501907","Pará","2018","Bujaru","9781","8672"
"150195","1501956","Pará","2018","Cachoeira do Piriá","8339","2987"
"150200","1502004","Pará","2018","Cachoeira do Arari","7299","9514"
"150210","1502103","Pará","2018","Cametá","49640","7031"
"150215","1502152","Pará","2018","Canaã dos Carajás","12370","6546"
"150220","1502202","Pará","2018","Capanema","27622","6545"
"150230","1502301","Pará","2018","Capitão Poço","22465","6658"
"150240","1502400","Pará","2018","Castanhal","75319","7113"
"150250","1502509","Pará","2018","Chaves","7260","4865"
"150260","1502608","Pará","2018","Colares","4085","7840"
"150270","1502707","Pará","2018","Conceição do Araguaia","19708","5072"
"150275","1502756","Pará","2018","Concórdia do Pará","11278","8720"
"150276","1502764","Pará","2018","Cumaru do Norte","4874","2454"
"150277","1502772","Pará","2018","Curionópolis","6477","8246"
"150280","1502806","Pará","2018","Curralinho","10044","4834"
"150285","1502855","Pará","2018","Curuá","4533","13069"
"150290","1502905","Pará","2018","Curuçá","11312","7190"
"150293","1502939","Pará","2018","Dom Eliseu","22724","7423"
"150295","1502954","Pará","2018","Eldorado do Carajás","12463","4877"
"150300","1503002","Pará","2018","Faro","2623","7651"
"150304","1503044","Pará","2018","Floresta do Araguaia","7050","6766"
"150307","1503077","Pará","2018","Garrafão do Norte","10793","7279"
"150309","1503093","Pará","2018","Goianésia do Pará","11658","4007"
"150310","1503101","Pará","2018","Gurupá","10269","6537"
"150320","1503200","Pará","2018","Igarapé-Açu","14463","8036"
"150330","1503309","Pará","2018","Igarapé-Miri","23409","4835"
"150340","1503408","Pará","2018","Inhangapi","3664","2632"
"150345","1503457","Pará","2018","Ipixuna do Pará","15099","5601"
"150350","1503507","Pará","2018","Irituia","13993","8261"
"150360","1503606","Pará","2018","Itaituba","40901","5062"
"150370","1503705","Pará","2018","Itupiranga","18110","3808"
"150375","1503754","Pará","2018","Jacareacanga","5160","3667"
"150380","1503804","Pará","2018","Jacundá","21893","7466"
"150390","1503903","Pará","2018","Juruti","17404","8198"
"150400","1504000","Pará","2018","Limoeiro do Ajuru","10414","7778"
"150405","1504059","Pará","2018","Mãe do Rio","10897","8248"
"150410","1504109","Pará","2018","Magalhães Barata","2574","12135"
"150420","1504208","Pará","2018","Marabá","103679","5859"
"150430","1504307","Pará","2018","Maracanã","10183","5843"
"150440","1504406","Pará","2018","Marapanim","10720","3789"
"150442","1504422","Pará","2018","Marituba","47172","6020"
"150445","1504455","Pará","2018","Medicilândia","11711","8870"
"150450","1504505","Pará","2018","Melgaço","8225","2663"
"150460","1504604","Pará","2018","Mocajuba","11706","5979"
"150470","1504703","Pará","2018","Moju","27599","3990"
"150480","1504802","Pará","2018","Monte Alegre","21464","9518"
"150490","1504901","Pará","2018","Muaná","12637","5714"
"150495","1504950","Pará","2018","Nova Esperança do Piriá","7000","9026"
"150497","1504976","Pará","2018","Nova Ipixuna","6136","7418"
"150500","1505007","Pará","2018","Nova Timboteua","5507","9557"
"150503","1505031","Pará","2018","Novo Progresso","13255","7705"
"150506","1505064","Pará","2018","Novo Repartimento","23473","6345"
"150510","1505106","Pará","2018","Óbidos","19694","7110"
"150520","1505205","Pará","2018","Oeiras do Pará","10728","6074"
"150530","1505304","Pará","2018","Oriximiná","24460","6839"
"150540","1505403","Pará","2018","Ourém","5730","8261"
"150543","1505437","Pará","2018","Ourilândia do Norte","11629","6474"
"150548","1505486","Pará","2018","Pacajá","14027","5745"
"150549","1505494","Pará","2018","Palestina do Pará","2658","8542"
"150550","1505502","Pará","2018","Paragominas","42618","6861"
"150553","1505536","Pará","2018","Parauapebas","71783","5019"
"150555","1505551","Pará","2018","Pau D'Arco","2147","5351"
"150560","1505601","Pará","2018","Peixe-Boi","2740","7027"
"150563","1505635","Pará","2018","Piçarra","4944","8136"
"150565","1505650","Pará","2018","Placas","9690","6228"
"150570","1505700","Pará","2018","Ponta de Pedras","9377","4357"
"150580","1505809","Pará","2018","Portel","17311","2231"
"150590","1505908","Pará","2018","Porto de Moz","13251","5405"
"150600","1506005","Pará","2018","Prainha","10517","5619"
"150610","1506104","Pará","2018","Primavera","4390","9461"
"150611","1506112","Pará","2018","Quatipuru","4864","5210"
"150613","1506138","Pará","2018","Redenção","35573","4384"
"150616","1506161","Pará","2018","Rio Maria","8197","6245"
"150618","1506187","Pará","2018","Rondon do Pará","19735","6256"
"150619","1506195","Pará","2018","Rurópolis","15223","9378"
"150620","1506203","Pará","2018","Salinópolis","17534","8203"
"150630","1506302","Pará","2018","Salvaterra","7591","6935"
"150635","1506351","Pará","2018","Santa Bárbara do Pará","6612","5484"
"150640","1506401","Pará","2018","Santa Cruz do Arari","2759","5747"
"150650","1506500","Pará","2018","Santa Izabel do Pará","24901","7254"
"150655","1506559","Pará","2018","Santa Luzia do Pará","6384","6140"
"150658","1506583","Pará","2018","Santa Maria das Barreiras","6027","5468"
"150660","1506609","Pará","2018","Santa Maria do Pará","9961","5379"
"150670","1506708","Pará","2018","Santana do Araguaia","25195","5107"
"150680","1506807","Pará","2018","Santarém","126139","4799"
"150690","1506906","Pará","2018","Santarém Novo","1766","6571"
"150700","1507003","Pará","2018","Santo Antônio do Tauá","11117","7996"
"150710","1507102","Pará","2018","São Caetano de Odivelas","6656","10284"
"150715","1507151","Pará","2018","São Domingos do Araguaia","9534","6283"
"150720","1507201","Pará","2018","São Domingos do Capim","11951","7881"
"150730","1507300","Pará","2018","São Félix do Xingu","35707","5777"
"150740","1507409","Pará","2018","São Francisco do Pará","5620","8308"
"150745","1507458","Pará","2018","São Geraldo do Araguaia","10527","3849"
"150746","1507466","Pará","2018","São João da Ponta","2101","6437"
"150747","1507474","Pará","2018","São João de Pirabas","6957","3934"
"150750","1507508","Pará","2018","São João do Araguaia","4687","5385"
"150760","1507607","Pará","2018","São Miguel do Guamá","21324","7392"
"150770","1507706","Pará","2018","São Sebastião da Boa Vista","7928","10410"
"150775","1507755","Pará","2018","Sapucaia","2369","8404"
"150780","1507805","Pará","2018","Senador José Porfírio","5122","6143"
"150790","1507904","Pará","2018","Soure","8750","3505"
"150795","1507953","Pará","2018","Tailândia","28805","7135"
"150796","1507961","Pará","2018","Terra Alta","3699","5347"
"150797","1507979","Pará","2018","Terra Santa","6749","7429"
"150800","1508001","Pará","2018","Tomé-Açu","23793","7512"
"150803","1508035","Pará","2018","Tracuateua","11088","4791"
"150805","1508050","Pará","2018","Trairão","7140","11564"
"150808","1508084","Pará","2018","Tucumã","17972","6802"
"150810","1508100","Pará","2018","Tucuruí","41737","6718"
"150812","1508126","Pará","2018","Ulianópolis","15589","5906"
"150815","1508159","Pará","2018","Uruará","18923","6626"
"150820","1508209","Pará","2018","Vigia","19390","7905"
"150830","1508308","Pará","2018","Viseu","16048","3529"
"150835","1508357","Pará","2018","Vitória do Xingu","5695","5788"
"150840","1508407","Pará","2018","Xinguara","18477","8380"
"160005","1600055","Amapá","2018","Serra do Navio","1767","10862"
"160010","1600105","Amapá","2018","Amapá","3225","7305"
"160015","1600154","Amapá","2018","Pedra Branca do Amapari","4957","6241"
"160020","1600204","Amapá","2018","Calçoene","3873","7321"
"160021","1600212","Amapá","2018","Cutias","1705","9902"
"160023","1600238","Amapá","2018","Ferreira Gomes","2472","6380"
"160025","1600253","Amapá","2018","Itaubal","1540","3500"
"160027","1600279","Amapá","2018","Laranjal do Jari","16530","5540"
"160030","1600303","Amapá","2018","Macapá","185996","6728"
"160040","1600402","Amapá","2018","Mazagão","6201","3781"
"160050","1600501","Amapá","2018","Oiapoque","9060","6648"
"160053","1600535","Amapá","2018","Porto Grande","7243","6624"
"160055","1600550","Amapá","2018","Pracuúba","1271","6410"
"160060","1600600","Amapá","2018","Santana","42493","7580"
"160070","1600709","Amapá","2018","Tartarugalzinho","4401","7584"
"160080","1600808","Amapá","2018","Vitória do Jari","4373","6667"
"170025","1700251","Tocantins","2018","Abreulândia","1153","9615"
"170030","1700301","Tocantins","2018","Aguiarnópolis","2122","8684"
"170035","1700350","Tocantins","2018","Aliança do Tocantins","2362","8817"
"170040","1700400","Tocantins","2018","Almas","3106","6772"
"170070","1700707","Tocantins","2018","Alvorada","4197","11743"
"170100","1701002","Tocantins","2018","Ananás","3934","10675"
"170105","1701051","Tocantins","2018","Angico","1247","7674"
"170110","1701101","Tocantins","2018","Aparecida do Rio Negro","1656","8228"
"170130","1701309","Tocantins","2018","Aragominas","2837","10882"
"170190","1701903","Tocantins","2018","Araguacema","2790","6036"
"170200","1702000","Tocantins","2018","Araguaçu","3994","12043"
"170210","1702109","Tocantins","2018","Araguaína","74333","7904"
"170215","1702158","Tocantins","2018","Araguanã","2251","7629"
"170220","1702208","Tocantins","2018","Araguatins","11763","6726"
"170230","1702307","Tocantins","2018","Arapoema","2991","8627"
"170240","1702406","Tocantins","2018","Arraias","4288","7456"
"170255","1702554","Tocantins","2018","Augustinópolis","6788","7582"
"170270","1702703","Tocantins","2018","Aurora do Tocantins","1434","10488"
"170290","1702901","Tocantins","2018","Axixá do Tocantins","3594","9869"
"170300","1703008","Tocantins","2018","Babaçulândia","4146","5234"
"170305","1703057","Tocantins","2018","Bandeirantes do Tocantins","898","10217"
"170307","1703073","Tocantins","2018","Barra do Ouro","1546","5269"
"170310","1703107","Tocantins","2018","Barrolândia","2148","13333"
"170320","1703206","Tocantins","2018","Bernardo Sayão","1903","12881"
"170330","1703305","Tocantins","2018","Bom Jesus do Tocantins","1758","7308"
"170360","1703602","Tocantins","2018","Brasilândia do Tocantins","819","12273"
"170370","1703701","Tocantins","2018","Brejinho de Nazaré","2141","7692"
"170380","1703800","Tocantins","2018","Buriti do Tocantins","3397","10274"
"170382","1703826","Tocantins","2018","Cachoeirinha","822","9310"
"170384","1703842","Tocantins","2018","Campos Lindos","2899","7986"
"170386","1703867","Tocantins","2018","Cariri do Tocantins","1667","13077"
"170388","1703883","Tocantins","2018","Carmolândia","941","8667"
"170389","1703891","Tocantins","2018","Carrasco Bonito","1374","7067"
"170390","1703909","Tocantins","2018","Caseara","1929","7500"
"170410","1704105","Tocantins","2018","Centenário","777","11600"
"170460","1704600","Tocantins","2018","Chapada de Areia","631","6500"
"170510","1705102","Tocantins","2018","Chapada da Natividade","1046","9730"
"170550","1705508","Tocantins","2018","Colinas do Tocantins","14580","8418"
"170555","1705557","Tocantins","2018","Combinado","2160","8841"
"170560","1705607","Tocantins","2018","Conceição do Tocantins","1662","11429"
"170600","1706001","Tocantins","2018","Couto Magalhães","2031","7250"
"170610","1706100","Tocantins","2018","Cristalândia","2967","9216"
"170625","1706258","Tocantins","2018","Crixás do Tocantins","625","5000"
"170650","1706506","Tocantins","2018","Darcinópolis","2112","3000"
"170700","1707009","Tocantins","2018","Dianópolis","8850","7134"
"170710","1707108","Tocantins","2018","Divinópolis do Tocantins","2745","8333"
"170720","1707207","Tocantins","2018","Dois Irmãos do Tocantins","2458","7627"
"170730","1707306","Tocantins","2018","Dueré","1955","6140"
"170740","1707405","Tocantins","2018","Esperantina","2729","6623"
"170755","1707553","Tocantins","2018","Fátima","1571","6324"
"170765","1707652","Tocantins","2018","Figueirópolis","2799","921"
"170770","1707702","Tocantins","2018","Filadélfia","2958","8491"
"170820","1708205","Tocantins","2018","Formoso do Araguaia","8096","5918"
"170825","1708254","Tocantins","2018","Fortaleza do Tabocão","998","11250"
"170830","1708304","Tocantins","2018","Goianorte","2167","5588"
"170900","1709005","Tocantins","2018","Goiatins","4108","8361"
"170930","1709302","Tocantins","2018","Guaraí","12016","6150"
"170950","1709500","Tocantins","2018","Gurupi","41080","7784"
"170980","1709807","Tocantins","2018","Ipueiras","617","8500"
"171050","1710508","Tocantins","2018","Itacajá","2329","8623"
"171070","1710706","Tocantins","2018","Itaguatins","1779","6571"
"171090","1710904","Tocantins","2018","Itapiratins","1994","9048"
"171110","1711100","Tocantins","2018","Itaporã do Tocantins","1185","8158"
"171150","1711506","Tocantins","2018","Jaú do Tocantins","1568","8929"
"171180","1711803","Tocantins","2018","Juarina","877","8333"
"171190","1711902","Tocantins","2018","Lagoa da Confusão","4432","7941"
"171195","1711951","Tocantins","2018","Lagoa do Tocantins","1283","11702"
"171200","1712009","Tocantins","2018","Lajeado","1284","6066"
"171215","1712157","Tocantins","2018","Lavandeira","807","13000"
"171240","1712405","Tocantins","2018","Lizarda","1023","10455"
"171245","1712454","Tocantins","2018","Luzinópolis","1066","13235"
"171250","1712504","Tocantins","2018","Marianópolis do Tocantins","2160","7385"
"171270","1712702","Tocantins","2018","Mateiros","1086","8421"
"171280","1712801","Tocantins","2018","Maurilândia do Tocantins","898","7381"
"171320","1713205","Tocantins","2018","Miracema do Tocantins","8888","8723"
"171330","1713304","Tocantins","2018","Miranorte","5875","8957"
"171360","1713601","Tocantins","2018","Monte do Carmo","2328","6992"
"171370","1713700","Tocantins","2018","Monte Santo do Tocantins","798","9167"
"171380","1713809","Tocantins","2018","Palmeiras do Tocantins","2252","7632"
"171395","1713957","Tocantins","2018","Muricilândia","921","4138"
"171420","1714203","Tocantins","2018","Natividade","3544","11376"
"171430","1714302","Tocantins","2018","Nazaré","1565","8714"
"171488","1714880","Tocantins","2018","Nova Olinda","4325","8624"
"171500","1715002","Tocantins","2018","Nova Rosalândia","1262","10189"
"171510","1715101","Tocantins","2018","Novo Acordo","1527","8333"
"171515","1715150","Tocantins","2018","Novo Alegre","1058","8333"
"171525","1715259","Tocantins","2018","Novo Jardim","1071","7353"
"171550","1715507","Tocantins","2018","Oliveira de Fátima","356","10000"
"171570","1715705","Tocantins","2018","Palmeirante","2010","8429"
"171575","1715754","Tocantins","2018","Palmeirópolis","3605","13521"
"171610","1716109","Tocantins","2018","Paraíso do Tocantins","24038","6686"
"171620","1716208","Tocantins","2018","Paranã","3723","9790"
"171630","1716307","Tocantins","2018","Pau D'Arco","2109","10000"
"171650","1716505","Tocantins","2018","Pedro Afonso","5606","6105"
"171660","1716604","Tocantins","2018","Peixe","4638","7120"
"171665","1716653","Tocantins","2018","Pequizeiro","2145","8772"
"171670","1716703","Tocantins","2018","Colméia","3958","9712"
"171700","1717008","Tocantins","2018","Pindorama do Tocantins","1763","9123"
"171720","1717206","Tocantins","2018","Piraquê","1193","4681"
"171750","1717503","Tocantins","2018","Pium","3184","8261"
"171780","1717800","Tocantins","2018","Ponte Alta do Bom Jesus","1256","10000"
"171790","1717909","Tocantins","2018","Ponte Alta do Tocantins","2574","8087"
"171800","1718006","Tocantins","2018","Porto Alegre do Tocantins","1146","11316"
"171820","1718204","Tocantins","2018","Porto Nacional","24572","7090"
"171830","1718303","Tocantins","2018","Praia Norte","2436","7048"
"171840","1718402","Tocantins","2018","Presidente Kennedy","1536","9756"
"171845","1718451","Tocantins","2018","Pugmil","1084","13125"
"171850","1718501","Tocantins","2018","Recursolândia","844","1132"
"171855","1718550","Tocantins","2018","Riachinho","884","12373"
"171865","1718659","Tocantins","2018","Rio da Conceição","613","7105"
"171870","1718709","Tocantins","2018","Rio dos Bois","1070","9762"
"171875","1718758","Tocantins","2018","Rio Sono","2171","8060"
"171880","1718808","Tocantins","2018","Sampaio","1408","8590"
"171884","1718840","Tocantins","2018","Sandolândia","1641","7692"
"171886","1718865","Tocantins","2018","Santa Fé do Araguaia","2524","9200"
"171888","1718881","Tocantins","2018","Santa Maria do Tocantins","1178","9756"
"171889","1718899","Tocantins","2018","Santa Rita do Tocantins","793","10000"
"171890","1718907","Tocantins","2018","Santa Rosa do Tocantins","1804","7000"
"171900","1719004","Tocantins","2018","Santa Tereza do Tocantins","1114","3175"
"172000","1720002","Tocantins","2018","Santa Terezinha do Tocantins","975","8750"
"172010","1720101","Tocantins","2018","São Bento do Tocantins","1803","8378"
"172015","1720150","Tocantins","2018","São Félix do Tocantins","307","12000"
"172020","1720200","Tocantins","2018","São Miguel do Tocantins","3817","9345"
"172025","1720259","Tocantins","2018","São Salvador do Tocantins","855","8333"
"172030","1720309","Tocantins","2018","São Sebastião do Tocantins","1162","10000"
"172049","1720499","Tocantins","2018","São Valério","1641","7500"
"172065","1720655","Tocantins","2018","Silvanópolis","2169","9146"
"172080","1720804","Tocantins","2018","Sítio Novo do Tocantins","3307","12612"
"172085","1720853","Tocantins","2018","Sucupira","774","7619"
"172090","1720903","Tocantins","2018","Taguatinga","5958","6535"
"172093","1720937","Tocantins","2018","Taipas do Tocantins","746","3750"
"172097","1720978","Tocantins","2018","Talismã","1461","11429"
"172100","1721000","Tocantins","2018","Palmas","127994","6667"
"172110","1721109","Tocantins","2018","Tocantínia","1961","10159"
"172120","1721208","Tocantins","2018","Tocantinópolis","9415","8770"
"172125","1721257","Tocantins","2018","Tupirama","637","10417"
"172130","1721307","Tocantins","2018","Tupiratins","1038","5714"
"172208","1722081","Tocantins","2018","Wanderlândia","4352","5969"
"172210","1722107","Tocantins","2018","Xambioá","4918","6444"
